title,price,brand,availability,price_off
Corsair 850W RM850e 80+ Gold Power Supply (CP-9020263-AU),189.0,Corsair,In Stock,
Thermaltake 550W Smart BM2 80+ Bronze Power Supply (PS-SPD-0550MNFABA-1),64.0,Thermaltake,In Stock,32% Off!
Corsair 850W RM850x SHIFT 80+ Gold Fully Modular ATX Power Supply (CP-9020252-AU),215.0,Corsair,In Stock,Save $14.0
Corsair 850W RM850 80+ Gold Fully Modular ATX Power Supply - White (CP-9020232-AU),199.0,Corsair,In Stock,
DeepCool 1000W 80+ Gold Power Supply (R-PXA00G-FC0B-AU),199.0,Deepcool,In Stock,Save $60.0
Corsair 750W RM750 80+ Gold Fully Modular ATX Power Supply - White (CP-9020231-AU),165.0,Corsair,In Stock,Save $14.0
Corsair 750W RM750e 80+ Gold Power Supply (CP-9020262-AU),169.0,Corsair,In Stock,
Deepcool 650W PK650D 80+ Bronze Rated ATX Power Supply - R-PK650D-FA0B-AU,99.0,Deepcool,In Stock,
Thermaltake 650W ToughPower 80+ Gold Power Supply (TT-PS-TPD-0650MPCGAU-1),99.0,Thermaltake,In Stock,Save $19.0
SilverStone Viva 550W 80+ Bronze ATX Power Suply (SST-VA550-B),71.0,SilverStone,In Stock,
Corsair 750W RM750x 2021 80+ Gold Fully Modular ATX Power Supply,169.0,Corsair,In Stock,Save $20.0
Corsair 650W CV650 80+ Bronze ATX Power Supply (CP-9020236-AU),95.0,Corsair,In Stock,
Corsair 1000W RM1000x 2021 80+ Gold Fully Modular ATX Power Supply,289.0,Corsair,In Stock,
Gigabyte P650B 650W 80+ Bronze Power Supply,75.0,Gigabyte,In Stock,
MSI 750W MAG A750GL 80+ Gold PCIe 5 ATX 3.0 Modular Power Supply,151.0,MSI,In Stock,
Gamemax GX-750 PRO BK 750W 80+Gold Power Supply ATX3.0 PCIE5.0,139.0,GAMEMAX,In Stock,
Gamemax GX-1250 PRO BK 1250W 80+Platinum Power Supply ATX3.0 PCIE5.0,189.0,GAMEMAX,In Stock,
Gamemax GX-1050 PRO White 1050W 80+Platinum Power Supply ATX3.0 PCIE5.0,179.0,GAMEMAX,In Stock,
Gamemax GX-750 PRO White 750W 80+Gold Power Supply ATX3.0 PCIE5.0,139.0,GAMEMAX,In Stock,
Gamemax GX-1050 PRO BK 80+Platinum 1050W Power Supply ATX3.0 PCIE5.0,179.0,GAMEMAX,In Stock,
Gamemax GX-850 PRO BK 850W 80+Gold Power Supply ATX3.0 PCIE5.0,149.0,GAMEMAX,In Stock,
Gamemax RGB 1050W 80+Gold Power Supply ATX3.0 PCIE5,169.0,GAMEMAX,In Stock,
Gigabyte 850W Ultra Durable 80+ Gold Modular Power Supply (GP-UD850GM),139.0,Gigabyte,In Stock,
Gigabyte 850W 80+ Plus Gold Fully Modular ATX Power Supply (GP-UD850GM PG5),169.0,Gigabyte,In Stock,
Gigabyte 1000W Ultra Durable 80+ Gold Modular Power Supply (GP-UD1000GM),223.0,Gigabyte,In Stock,
Corsair 1000W RM1000e 80+ Gold Power Supply (CP-9020264-AU),269.0,Corsair,In Stock,
SilverStone Viva 650W 80+ Bronze ATX Power Supply (SST-VA650-B),79.0,SilverStone,In Stock,
Gamemax RGB 1300W 80+Platinum Power Supply ATX3.0 PCIE5.0,219.0,GAMEMAX,In Stock,
SilverStone DA850 850W 80+ Gold Power Supply (DA850-G),139.0,SilverStone,In Stock,
Corsair 850W RM850x 80+ Gold Fully Modular ATX Power Supply (CP-9020200-AU),199.0,Corsair,In Stock,
Cooler Master 750W 80+ Gold Power Supply (MPZ-7501-AFAG-BAU),199.0,Cooler Master,In Stock,
Thermaltake 550W Smart BX1 80 Plus Bronze Non-Modular Power Supply,64.0,Thermaltake,In Stock,18% Off!
Corsair 750W HX750 80+ Platinum (CP-9020212-AU(HX750)),219.0,Corsair,In Stock,Save $10.0
Cooler Master Elite NEX N400 400W Power Supply,62.0,Cooler Master,In Stock,10% Off!
Thermaltake 700W Toughpower GX1 80+ Gold Power Supply (PS-TPD-0700NNFAGA-1),94.0,Thermaltake,In Stock,Save $14.0
Gamemax GX-850 PRO White 850W 80+Gold Power Supply ATX3.0 PCIE5.0,149.0,GAMEMAX,In Stock,
Corsair 750W 80+ Bronze Power Supply (CP-9020237-AU),99.0,Corsair,In Stock,
Gamemax GX-1250 PRO White 1250W 80+Platinum Power Supply ATX3.0 PCIE5.0ï¼Œ,189.0,GAMEMAX,In Stock,
Thermaltake 600W Toughpower GX1 80+ Gold Power Supply (PS-TPD-0600NNFAGA-1),84.0,Thermaltake,In Stock,15% Off!
Thermaltake 650w Toughpower Grand RGB 80+ Gold Power Supply(RGB Sync Edition),155.0,Thermaltake,In Stock,
Corsair 1000W RM1000x SHIFT 80+ Gold Fully Modular ATX Power Supply (CP-9020253-AU),305.0,Corsair,In Stock,Save $20.0
Thermaltake 750w Toughpower Grand RGB 80+ Gold Power Supply(RGB Sync Edition),125.0,Thermaltake,In Stock,Save $44.0
Thermaltake 650W Toughpower GF1 ARGB 80+ Gold Modular Power Supply,109.0,Thermaltake,In Stock,Save $39.0
Thermaltake 750W Toughpower GF1 ARGB 80+ Gold Modular Power Supply,129.0,Thermaltake,In Stock,Save $40.0
Asus ROG Loki SFX-L 750W 80+ Platinum Power Supply (ROG-LOKI-750P-SFX-L-GAMING),289.0,Asus,In Stock,
Thermaltake 550W ToughPower 80+ Gold Power Supply (TT-PS-TPD-0550MPCGAU-1),79.0,Thermaltake,In Stock,Save $40.0
Cooler Master 650W MWE V2 80+ Gold Modular Power Supply (MPE-6501-AFAAG-AU),119.0,Cooler Master,In Stock,Save $20.0
Corsair 1000W SF1000L 80+ Gold SFX-L Power Supply (CP-9020246-AU),299.0,Corsair,In Stock,Save $10.0
SilverStone 700W Strider Essential 80+ Power Supply (ST70F-ES230),76.0,SilverStone,In Stock,
Thermaltake 650W Smart BX1 RGB 80+ Bronze Power Supply,74.0,Thermaltake,In Stock,25% Off! Save $25.0
Thermaltake ToughPower GF3 850W 80+ Gold PCIe 5 ATX 3.0 Fully Modular Power Supply (PS-TPD-0850FNFAGA-4),250.0,Thermaltake,In Stock,
Corsair 1200W RM1200x SHIFT 80+ Gold Fully Modular ATX Power Supply (CP-9020254-AU),349.0,Corsair,In Stock,Save $30.0
MSI 650W MAG A650BN 80+ Bronze Power Supply (MAG A650BN),74.0,MSI,In Stock,
Asus ROG LOKI SFX-L 850W 80+ Platinum ATX 3.0 Power Supply (ROG-LOKI-850P-SFX-L-GAMING),274.0,Asus,In Stock,
Thermaltake 500W ToughPower GX1 RGB 80+ Gold Power Supply (PS-TPD-0500NHFAGA-1),65.0,Thermaltake,In Stock,34% Off! Save $34.0
Corsair 1500W 80+ Platinum Power Supply (CP-9020255-AU),499.0,Corsair,In Stock,
Corsair 1500W HX1500i 80+ Platinum Power Supply (CP-9020260-AU),499.0,Corsair,In Stock,Save $100.0
"Redragon PSU007 80+ Gold 850 Watt ATX Fully Modular Power Supply w/ 80 Plus Gold Certified, Compact 160mm Size and Low Noise RGB Fan 0 RPM",159.0,Redragon,In Stock,
Thermaltake 750W Smart BX1 80 Plus Bronze Non-Modular Power Supply,84.0,Thermaltake,In Stock,Save $25.0
Cooler Master 450W MWE White V2 Power Supply,59.0,Cooler Master,In Stock,9% Off!
MSI 850W MPG A850G PCIE5 80+ Gold Fully Modular ATX Power Supply (MPG A850G PCIE5),206.0,MSI,In Stock,
ASUS 750W TUF Gaming 80+ Gold Rated Power Supply,199.0,Asus,In Stock,
Asus TUF Gaming 1200W 80+ Gold Power Supply (TUF-GAMING-1200G),339.0,Asus,In Stock,
Cooler Master WME V2 1050W 80+ Gold Power Supply (MPE-A501-AFCAG-3AU),199.0,Cooler Master,In Stock,Save $30.0
Cooler Master V 850W 80+ Gold Power Supply (MPZ-8501-AFAG-BAU),213.0,Cooler Master,In Stock,
Cooler Master 550W MWE White V2 Power Supply,69.0,Cooler Master,In Stock,8% Off!
Thermaltake ToughPower GF3 750W 80+ Gold PCIe 5 ATX 3.0 Fully Modular Power Supply (PS-TPD-0750FNFAGA-4),219.0,Thermaltake,In Stock,
Cooler Master MWE V2 650W 80+ Bronze Power Supply (MPE-6501-ACABW-BAU),98.0,Cooler Master,In Stock,
Cooler Master 1250W MWE 80+ Gold Power Supply,249.0,Cooler Master,In Stock,Save $20.0
Antec 1000w High Current Gamer 80+ Gold Modular ATX Power Supply (HCG1000 Gold AU),279.0,Antec,In Stock,
Cooler Master 550W MWE V2 80+ Gold Power Supply (MPE-5501-ACAAG-AU),109.0,Cooler Master,In Stock,
SilverStone 850W HELA 850R Platinum Power Supply (SST-HA850R-PM),239.0,SilverStone,In Stock,
Cooler Master V850 850W V2 80+ Gold Power Supply (MPY-850V-AFBAG-AU),179.0,Cooler Master,In Stock,
Thermaltake Toughpower GF A3 750W 80+ Gold Gen5 Fully Modular ATX Power Supply (PS-TPD-0750FNFAGA-H),169.0,Thermaltake,In Stock,
Antec 550W CSK Cuprum Strike 80+ Bronze ATX Power Supply (CSK550 AU),89.0,Antec,In Stock,
Thermaltake Toughpower GF A3 850W 80+ Gold Gen5 Fully Modular ATX Power Supply (PS-TPD-0850FNFAGA-H),189.0,Thermaltake,In Stock,Save $10.0
Gigabyte Aorus 1200W 80+ Platinum Power Supply (GP-AP1200PM),499.0,Gigabyte,In Stock,
Gamemax GP-850 BK 850W 80+Platinum Power Supply Wired,89.0,GAMEMAX,In Stock,
Thermaltake 550W Smart BX1 RGB 80+ Bronze Power Supply,85.0,Thermaltake,In Stock,
Asus ROG Strix Aura 850W 80+ Gold Power Supply (ROG-STRIX-AURA-850G-GAMING),293.0,Asus,In Stock,
Asus ROG Strix 750W 80+ Gold Power Supply,179.0,Asus,In Stock,
Thermaltake Toughpower GF A3 1050W 80+ Gold Gen5 Fully Modular ATX Power Supply (PS-TPD-1050FNFAGA-H),259.0,Thermaltake,In Stock,
Thermaltake 600W Smart RGB 80+ Power Supply,85.0,Thermaltake,In Stock,
Thermaltake 700W Smart RGB 80+ Power Supply,89.0,Thermaltake,In Stock,
Antec 1300W NE1300G M 80+ Gold Fully Modular ATX3.0 Power Supply (NE1300G M ATX3.0 AU),278.0,Antec,In Stock,
SeaSonic 750W Prime Ultra Gold Modular Power Supply (SSR-750GD2),248.5,Seasonic,In Stock,
Seasonic 500W Focus Core GM 80 + Gold Semi Modular Power Supply (GM-500),124.5,Seasonic,In Stock,
Thermaltake 650W Smart BX1 80+ Bronze Power Supply,89.0,Thermaltake,In Stock,
DeepCool 850W 80+ Gold Power Supply (R-PX850G-FC0B-AU),219.0,Deepcool,In Stock,Save $10.0
CoolerMaster MWE 1250W 80+ Gold Fully Modular Power Supply - White (MPE-C501-AFCAG-3GAU),249.0,Cooler Master,In Stock,Save $80.0
Thermaltake 600W Smart 80+ Gold OEM Power Supply (PS-TTP-0600NNFAGA-1),89.0,Thermaltake,In Stock,
Thermaltake ToughPower SFX 750W 80+ Gold Power Supply (PS-STP-0750FNFAGA-1),259.0,Thermaltake,In Stock,
Thermaltake 1200W Toughpower GF3 80+ Gold Gen 5 Fully Modular ATX 3.0 Power Supply - Snow (PS-TPD-1200FNFAGA-N),339.0,Thermaltake,In Stock,
Thermaltake Toughpower GF3 1000W 80+ Gold PCIe 5 ATX 3.0 Fully Modular Power Supply (PS-TPD-1000FNFAGA-4),349.0,Thermaltake,In Stock,
CoolerMaster MWE 1050W 80+ Gold Fully Modular Power Supply - White (MPE-A501-AFCAG-3GAU),199.0,Cooler Master,In Stock,Save $70.0
Thermaltake 1250W Toughpower iRGB PLUS 80+ Titanium PCIe5 ATX 3.0 Power Supply (PS-TPI-1250F3FDTA-1),599.0,Thermaltake,In Stock,
Antec SG 1000W 80+ Titanium Fully Modular Power Supply (PSA-ST1000-PLUS T1),349.0,Antec,In Stock,
Asus ROG Strix Aura 1200W 80+ Gold Power Supply (ROG-STRIX-AURA-1200G-GAMING),399.0,Asus,In Stock,
Antec 1000W NE1000G M 80+ Gold Fully Modular ATX3.0 Power Supply (NE1000G M ATX3.0 AU),259.0,Antec,In Stock,
Thermaltake Toughpower GF A3 650W 80+ Gold Gen5 Fully Modular ATX Power Supply (PS-TPD-0650FNFAGA-H),149.0,Thermaltake,In Stock,
Thermaltake 600W ToughPower GX1 RGB 80+ Gold Power Supply (PS-TPD-0600NHFAGA-1),89.0,Thermaltake,In Stock,Save $20.0
Thermaltake 850W Toughpower GF A3 80+ Gold PCIe5 Fully Modular ATX 3.0 Power Supply - White (PS-TPD-0850FNFAGA-N),199.0,Thermaltake,In Stock,
Thermaltake Toughpower GF3 1350W 80+ Gold PCIe 5 ATX 3.0 Fully Modular Power Supply (PS-TPD-1350FNFAGA-4),449.0,Thermaltake,In Stock,
Thermaltake Toughpower GF3 1200W 80+ Gold PCIe 5 ATX 3.0 Fully Modular Power Supply (PS-TPD-1200FNFAGA-4),389.0,Thermaltake,In Stock,Save $10.0
Lian Li 850W 80+ Gold SFX Power Supply (SP-850W),245.0,Lian Li,In Stock,
Lian Li 850W 80+ Gold SFX Power Supply (SP-850B),229.0,Lian Li,In Stock,
MSI 1300W MEG A1300iP ATX 3.0 PCIe 5 Ready 80+ Platinum Power Supply (MEG Ai1300P PCIE5),495.0,MSI,In Stock,
Lian Li SP750 750W 80 PLUS Gold Fully Modular SFX Power Supply - Black (SP-750B),189.0,Lian Li,In Stock,
Thermaltake PF3 1200W 80+ Platinum Fully Modular ATX 3.0 Power Supply (PS-TPD-1200FNFAPA-3),359.0,Thermaltake,In Stock,
Thermaltake ToughPower SFX 850W 80+ Gold Power Supply (PS-STP-0850FNFAGA-1),299.0,Thermaltake,In Stock,
Thermaltake PF3 1050W 80+ Platinum Fully Modular ATX 3.0 Power Supply (PS-TPD-1050FNFAPA-3),329.0,Thermaltake,In Stock,
Thermaltake 1650W Toughpower iRGB PLUS 80+ Titanium Fully Modular ATX 3.0 Power Supply (PS-TPI-1650F3FDTA-1),699.0,Thermaltake,In Stock,
Silverstone ST1500-TI Titanium 1500W 80 Plus Power Supply Modular,523.0,SilverStone,In Stock,
SilverStone 650W Strider 80+ Gold Rated Power Supply (SST-ST65F-GS V1.1),115.0,SilverStone,In Stock,Save $14.0
Corsair 1600W Titanium Series AX1600i Power Supply,699.0,Corsair,In Stock,
SeaSonic 1000W Focus PLUS Gold Modular Power Supply (SSR-1000FX),299.0,Seasonic,In Stock,
SilverStone 1000W+1000W 80+ Gold 2U Redundant Power Supply (SST-GM1000-2UG V2),"1,081.0",SilverStone,In Stock,
Thermaltake 750W Smart BX1 RGB 80+ Bronze Power Supply,115.0,Thermaltake,In Stock,
Corsair 850W SF850L 80+ Gold SFF Power Supply (CP-9020245-AU),239.0,Corsair,In Stock,
SilverStone 1000W Decathlon 80+ Gold Power Supply (SST-DA1000-GH),187.0,SilverStone,In Stock,
SeaSonic 750W Prime Ultra Titanium Modular Power Supply (SSR-750TR),358.5,Seasonic,In Stock,
Thermaltake 650W Smart BM2 80+ Bronze Power Supply (PS-SPD-0650MNFABA-1),105.0,Thermaltake,In Stock,
Thermaltake 650W Toughpower GF1 80+ Gold Power Supply (PS-TPD-0650FNFAGA-1),148.5,Thermaltake,In Stock,
SilverStone 1650W 80+ Gold Power Supply (SST-DA1650-G),428.5,SilverStone,In Stock,
Antec 1300w Signature 80+ Platinum Power Supply (SP1300-PLUS),419.0,Antec,In Stock,
Cooler Master 850W V2 80+ Gold Power Supply White (MPY-850V-AGBAG-AU),185.0,Cooler Master,In Stock,
Thermaltake Toughpower GF3 1650W 80+ Gold PCIe 5 ATX 3.0 Fully Modular Power Supply (PS-TPD-1650FNFAGA-4),609.0,Thermaltake,In Stock,
SilverStone 1000W Decathlon 80+ Gold Power Supply (SST-DA1000-GH),187.0,SilverStone,In Stock,
Thermaltake ToughPower SFX 1000W 80+ Gold Power Supply (PS-STP-1000FNFAGA-1),359.0,Thermaltake,In Stock,
Thermaltake 750W ToughPower GF3 ARGB 80+ Gold Power Supply (PS-TPD-0750F4FAGA-1),237.0,Thermaltake,In Stock,
Silverstone 1000W 80+ Platinum PCIe5 SFX 4.0 Power Supply (SST-SX1000R-PL),349.0,SilverStone,In Stock,
FSP 500W Hydro K Pro 80+ Bronze Power Supply,75.0,FSP,In Stock,
DeepCool 1200W 80+ Gold Power Supply (R-PXC00G-FC0B-AU),342.0,Deepcool,In Stock,
Thermaltake Toughpower GF A3 1200W 80+ Gold Gen5 Fully Modular ATX Power Supply (PS-TPD-1200FNFAGA-H),289.0,Thermaltake,In Stock,
Corsair 850W SF850L 80+ Gold SFF Power Supply (CP-9020245-AU),239.0,Corsair,In Stock,
SilverStone 1000W+1000W 80+ Gold 2U Redundant Power Supply (SST-GM1000-2UG V2),"1,081.0",SilverStone,In Stock,
Thermaltake 850W Smart Pro RGB Bronze Fully Modular Power Supply,168.0,Thermaltake,In Stock,
SeaSonic 1300W Prime Gold Modular Power Supply (SSR-1300GD),409.0,Seasonic,In Stock,
SeaSonic 650W Focus PLUS Platinum Modular Power Supply (SSR-650PX),239.0,Seasonic,In Stock,
SeaSonic 650W Prime Ultra Gold Modular Power Supply (SSR-650GD2),229.0,Seasonic,In Stock,
SeaSonic 650W Prime Ultra Titanium Modular Power Supply (SSR-650TR),329.0,Seasonic,In Stock,
SeaSonic 750W Focus Gold Semi Modular Power Supply (SSR-750FM),189.0,Seasonic,In Stock,
Zippy 860W 2U Redundant Power Supply (G1W2-5860V3V),798.5,Zippy,In Stock,
Seasonic 650W Focus SGX 80+ Gold Power Supply (SSR-650SGX),228.5,Seasonic,In Stock,
Antec 650w Value Power Plus 80+ Power Supply (VP650P-PLUS),85.0,Antec,In Stock,4% Off! Save $4.0
Seasonic 750W Prime 80+ Platinum Power Supply (SSR-750PD2),319.0,Seasonic,In Stock,
SilverStone 750W 80+ Gold Power Supply (SST-DA750-G),115.0,SilverStone,In Stock,Save $13.0
Cooler Master 650W 80+ Gold Power Supply (MPY-650V-AFBAG-AU),159.0,Cooler Master,In Stock,
Equites S700 700W White 80+ Modular Power Supply,99.0,EQUITES,In Stock,
Thermaltake Toughpower TF1 1550W 80+ Titanium Power Supply (PS-TPD-1550FNFATA-1),659.0,Thermaltake,In Stock,
SilverStone 850W Extreme 850R Platinum SFX Power Supply,292.0,SilverStone,In Stock,
Antec 1000W Signature 1000 80+ Plus Platinum Fully Modular ATX Power Supply (SP1000-PLUS),399.0,Antec,In Stock,
Thermaltake PF3 750W 80+ Platinum Fully Modular ATX 3.0 Power Supply (PS-TPD-0750FNFAPA-3),229.0,Thermaltake,In Stock,
Thermaltake Smart BM3 550W 80+ Bronze PCIe Gen5 ATX 3.0 Modular Power Supply (PS-SPD-0550MNFABA-3),109.0,Thermaltake,In Stock,
Power Supply 650W (ATX),45.0,Generic,In Stock,
Silverstone ST1500 1500W Modular Power Supply,348.5,SilverStone,In Stock,
Vantec 600W ION2+ Power Supply (VAN-600N),114.5,Vantec,In Stock,
Thermaltake TR2 S 450W 80PLUS Power Supply,59.0,Thermaltake,At Other Store,
Thermaltake Litepower Gen 2 650W Power Supply,72.0,Thermaltake,In Stock,
Thermaltake TR2 S 650W Power Supply 80+,75.0,Thermaltake,In Stock,
Thermaltake 500W Litepower OEM Power Supply (PS-TTP-0500NNNNAU-1),55.0,Thermaltake,In Stock,
Thermaltake Litepower Gen 2 750W Power Supply,79.0,Thermaltake,In Stock,
Thermaltake 650W Smart Pro RGB Bronze Fully Modular Power Supply,129.0,Thermaltake,In Stock,
Thermaltake 750W Smart Pro RGB Bronze Fully Modular Power Supply,138.5,Thermaltake,In Stock,
Corsair 1000W HX1000 80 Plus Platinum High Performance Power Supply,309.0,Corsair,At Other Store,Save $15.0
SilverStone 800W SFX-L 80+ Titanium Power Supply (SST-SX800-LTI V1.2),248.0,SilverStone,At Other Store,
Silverstone SST-TX300 300W TFX Power Supply 80 PLUS Bronze,78.0,SilverStone,At Other Store,
Thermaltake 500W Smart RGB 80+ Power Supply,78.0,Thermaltake,In Stock,
Antec 550W Neo ECO Classic 80+ Bronze Power Supply (ANT-PSU-NEO550OC),85.0,Antec,In Stock,
Corsair 1200W HX1200 80+ Platinum Power Supply,339.0,Corsair,At Other Store,
Antec 650W Earthwatts Gold Pro 80+ Gold Power Supply (ANT-PSU-EA650G-PRO),128.5,Antec,In Stock,
SeaSonic Prime Ultra 1000W 80+ Titanium Fully Modular Power Supply,499.0,Seasonic,In Stock,
Cooler Master MasterWatt 650W 80+ Bronze Semi-Modular Power Supply,99.0,Cooler Master,In Stock,
Thermaltake 850w Toughpower Grand RGB 80+ Gold Power Supply(RGB Sync Edition),189.0,Thermaltake,In Stock,
Corsair 750W SF 80+ Platinum Modular SFX Power Supply,235.0,Corsair,At Other Store,
SeaSonic 400W Active PFC F3 1U Power Supply (SS-400L1U),177.5,Seasonic,At Other Store,
SeaSonic 550W Focus Gold Semi Modular Power Supply (SSR-550FM),169.0,Seasonic,In Stock,
SeaSonic 650W Focus Gold Semi Modular Power Supply (SSR-650FM),179.0,Seasonic,In Stock,
SeaSonic 850W Focus PLUS Platinum Modular Power Supply (SSR-850PX),279.0,Seasonic,In Stock,
SeaSonic 850W Prime Platinum Modular Power Supply (SSR-850PD),345.0,Seasonic,In Stock,
SeaSonic 850W Prime Ultra Titanium Modular Power Supply (SSR-850TR),398.5,Seasonic,In Stock,
Corsair 750W RM750x White Gold Modular Power Supply (CP-9020187-AU),188.5,Corsair,In Stock,
Corsair 850W RMx White Series 80+ Gold Power Supply (CP-9020188-AU),204.5,Corsair,In Stock,
Thermaltake 850W Toughpower GF1 ARGB 80+ Gold Modular Power Supply,229.0,Thermaltake,In Stock,
Thermaltake 1050W Toughpower PF1 80+ Platinum RGB Modular Power Supply,379.0,Thermaltake,In Stock,
Thermaltake 1200W Toughpower PF1 80+ Platinum RGB Modular Power Supply,329.0,Thermaltake,At Other Store,
Cooler Master 1300W V Platinum Modular Power Supply (MPZ-D001-AFBAPV-AU),348.5,Cooler Master,In Stock,
Asus ROG Strix 650W 80+ Gold Power Supply,139.0,Asus,In Stock,
Cooler Master 650W MWE White V2 Power Supply,89.0,Cooler Master,In Stock,
Seasonic 850w Focus 80 Plus Gold 850w Power Supply (SSR-850FM),229.0,Seasonic,In Stock,
Thermaltake Litepower Gen 2 450W Power Supply,55.0,Thermaltake,In Stock,
Thermaltake 700W Toughpower GX1 RGB 80+ Gold Power Supply,99.0,Thermaltake,In Stock,Save $28.0
Thermaltake 750W Toughpower GF1 80+ Gold Power Supply (PS-TPD-0750FNFAGA-1),159.0,Thermaltake,In Stock,
Thermaltake 850W Toughpower GF1 80+ Gold Power Supply (PS-TPD-0850FNFAGA-1),189.0,Thermaltake,In Stock,
Inwin 550W A55 80+ ATX Power Supply,59.0,Inwin,In Stock,
Antec 700W Value Power Plus 80+ Power Supply (VP700P PLUS),95.0,Antec,In Stock,
Thermaltake 650W Toughpower PF1 80+ Platinum Modular Power Supply,139.0,Thermaltake,In Stock,Save $21.0
Thermaltake 750W Toughpower PF1 80+ Platinum Modular Power Supply,205.0,Thermaltake,In Stock,
Thermaltake 850W Toughpower PF1 80+ Platinum Modular Power Supply,259.0,Thermaltake,At Other Store,
Cooler Master V 650W 80+ Gold SFX Power Supply (MPY-6501-SFHAGV-AU),149.0,Cooler Master,In Stock,Save $14.0
Thermaltake 550W Litepower RGB Power Supply (PS-LTP-0550NHSANA-1),65.0,Thermaltake,In Stock,
Thermaltake 650W Litepower RGB Power Supply (PS-LTP-0650NHSANA-1),75.0,Thermaltake,In Stock,
Inwin 650W 80+ Gold Power Supply (P65F-650W),89.0,Inwin,At Other Store,
Inwin 750W 80+ Gold Power Supply (P75F-750W),99.0,Inwin,At Other Store,
Cooler Master 750W MWE 80+ Gold Power Supply (MPE-7501-ACAAG-AU),119.0,Cooler Master,In Stock,
Cooler Master 850W MWE 80+ Gold Power Supply (MPE-8501-ACAAG-AU),149.0,Cooler Master,In Stock,
Cooler Master 850W MWE 80+ Gold Power Supply (MPE-8501-AFAAG-AU),139.0,Cooler Master,In Stock,
Cooler Master 750W 80+ Gold Power Supply (MPY-750V-AFBAG-AU),159.0,Cooler Master,In Stock,
Cooler Master 650W 80+ Gold Power Supply White (MPY-650V-AGBAG-AU),159.0,Cooler Master,In Stock,
Cooler Master 750W V2 80+ Gold Power Supply (MPY-750V-AGBAG-AU),179.0,Cooler Master,In Stock,
Deepcool 450W V2 High Efficiency Gaming True Power Supply (DP-DE600US-PH),49.0,Deepcool,In Stock,
Corsair 850W RM850 80+Gold Fully Modular ATX Power Supply (CP-9020235-AU),199.0,Corsair,In Stock,
SilverStone 2050W Hela 80+ Platinum Fully Modular Power Supply (SST-HA2050-PT),598.0,SilverStone,At Other Store,
SilverStone 500W Extreme 80+ Bronze SFX Power Supply (SST-EX500-B ),98.0,SilverStone,At Other Store,
Cooler Master 850W 80+ Gold Fully Modular SFX Power Supply - White (MPY-8501-SFHAGV-WA),219.0,Cooler Master,At Other Store,
Thermaltake 1000W Toughpower GF1 TT Premium Edition 80+ Gold Power Supply (PS-TPD-1000FNFAGA-1),288.5,Thermaltake,At Other Store,
Thermaltake 1200W Toughpower GF1 TT Premium Edition 80+ Gold Power Supply (PS-TPD-1200FNFAGA-1),319.0,Thermaltake,In Stock,
Asus ROG Thor 1000W 1000P2 80+ Platinum II Power Supply (ROG-THOR-1000P2-GAMING),429.0,Asus,At Other Store,
Lian Li SP750 750W 80 PLUS Gold Fully Modular SFX Power Supply - White (SP-750W),199.0,Lian Li,In Stock,
Gigabyte 750W Ultra Durable 80+ Gold Modular Power Supply (GP-UD750GM),115.0,Gigabyte,At Other Store,
Equites T500 500W White 80+ OEM Fully RCM Certified Power Supply No Power Cable Included (EQ-T500),39.0,EQUITES,In Stock,
Thermaltake 750W ToughPower iRGB 80+ Gold Power Supply (PS-TPI-0750F3FDGA-1),159.0,Thermaltake,In Stock,
MSI 1000W MPG A1000G PCIE5 80+ Gold Fully Modular ATX Power Supply (MPG-A1000G PCIE5),289.0,MSI,In Stock,
Equites T550 550W 80+ White Rated Power Supply,49.0,EQUITES,At Other Store,
Equites T600 600W White 80+ Power Supply,59.0,EQUITES,In Stock,
Equites T650 650W White 80+ Power Supply,69.0,EQUITES,In Stock,
Equites S650 650W White 80+ Modular Power Supply,89.0,EQUITES,In Stock,
Corsair 850W HX850 80+ Platinum Power Supply (CP-9020213-AU(HX850)),255.0,Corsair,At Other Store,
Rotanium Power Supply Unit (EVO-685),24.0,Rotanium,At Other Store,
Rotanium 300W Power Supply (EVO-775),29.0,Rotanium,In Stock,
NZXT 850W C Series 80+ Gold Power Supply (PA-8G1BB-AU),179.0,NZXT,At Other Store,
Cooler Master MWE V2 750W 80+ Bronze Power Supply (MPE-7501-ACABW-BAU),99.0,Cooler Master,At Other Store,
SilverStone 550W 80+ Bronze Power Supply (SST-ET550-B V1.2),79.0,SilverStone,At Other Store,
Thermaltake 850W ToughPower GF3 80+ Gold Power Supply (PS-TPD-0850F4FAGA-1),279.0,Thermaltake,In Stock,
NZXT C1200 1200W 80+ Gold Power Supply,319.0,NZXT,In Stock,
Thermaltake PF3 850W 80+ Platinum Fully Modular ATX 3.0 Power Supply (PS-TPD-0850FNFAPA-3),248.0,Thermaltake,In Stock,
Asus 1600W ROG THOR 1600T Gaming 80+ Titanium ATX Fully Modular Power Supply (ROG-THOR-1600T-GAMING),890.0,Asus,In Stock,
Corsair 1000W 80+ HX1000i Platinum Power Supply (CP-9020259-AU),359.0,Corsair,In Stock,Save $29.0
Equites T700 700W 80+ Fully RCM Certified Power Supply (PSU-EQ-T700),69.0,EQUITES,At Other Store,
Antec 850W NE850G M 80+ Gold Fully Modular ATX3.0 Power Supply (NE850G M ATX3.0 AU),229.0,Antec,In Stock,
Adata 650W XPG Pylon 80+ Bronze ATX Power Supply (PYLON650B-BKCAU),77.0,ADATA,In Stock,
Thermaltake 750W Smart BM3 80+ Bronze Rated ATX 3.0 Semi Modular Power Supply,129.0,Thermaltake,In Stock,
Thermaltake 1050W Toughpower GF A3 80+ Gold PCIe5 Fully Modular ATX 3.0 Power Supply - White (PS-TPD-1050FNFAGA-N),279.0,Thermaltake,In Stock,
MSI MAG A650BN 650W 80+ Bronze Power Supply,$78,MSI,In Stock Online,$89
Corsair RM750e 750 Watts Full Modular Low-Noise ATX Power Supply,$169,Corsair,In Stock Online,
Cooler Master MWE 80 PLUS Bronze V2 650W Power Supply,$98,Cooler Master,In Stock Online,
Corsair RM850e 850 Watts Full Modular Low-Noise ATX Power Supply,$179,,In Stock Online,
Cooler Master MWE Bronze V2 750W 80 PLUS Bronze Power Supply,$109,Cooler Master,In Stock Online,
Antec CSK650 AU 650W 80+ Bronze Power Supply,$89,Antec,In Stock Online,
Asus ROG STRIX 850W 80+ Gold Full Modular Power Supply,$229,ASUS,In Stock Online,$249
MSI MPG A1000G PCIE5 1000W 80 PLUS Gold ATX Power Supply,$289,MSI,In Stock Online,
Corsair RMx Series RM850x 850W 80+ Gold Full Modular ATX Power Supply,$199,Corsair,In Stock Online,
Cooler Master V SFX Gold 750W ATX 3.0 Full Modular SFX Power Supply,$208,Cooler Master,In Stock Online,
Cooler Master V SFX Gold 850W ATX 3.0 Power Supply - White Edition,$239,Cooler Master,In Stock Online,$259
Cooler Master V SFX 850W 80+ Gold ATX 3.0 Full Modular SFX Power Supply,$239,Cooler Master,In Stock Online,
Cooler Master V850 Gold i Multi 850W 80+ Gold Full Modular Digital Power Supply,$259,Cooler Master,In Stock Online,
Cooler Master ELITE NEX 500 ATX Power Supply,$59,Cooler Master,In Stock Online,
Corsair RM1000x SHIFT 1000W 80+ Gold Full Modular ATX Power Supply,$289,Corsair,In Stock Online,$325
Cooler Master V SFX Gold 750W 3.0 Full Modular ATX Power Supply - White Edition,$219,Cooler Master,In Stock Online,
Corsair  CV Series CV650 80 PLUS Bronze ATX Power Supply,$89,Corsair,In Stock Online,
Asus ROG STRIX 750W 80+ Gold Modular Aura Edition Power Supply,$249,ASUS,In Stock Online,
Cooler Master V750 Gold i Multi 750W 80+ Gold Full Modular Digital Power Supply,$199,Cooler Master,In Stock Online,
Cooler Master MWE Gold 1050 V2 80+ Gold Full Modular ATX3.0 Power Supply - White Version,$239,Cooler Master,In Stock Online,$290
Thermaltake Smart BX1 650W 80 Plus Bronze Non Modular Power Supply,$78,Thermaltake,In Stock Online,
Cooler Master MWE Gold V2 850W 80+ Gold Power Supply,$149,Cooler Master,In Stock Online,$169
Corsair RM RM750 750W 80+ Gold Full Modular Power Supply - White,$179,Corsair,In Stock Online,
XPG Core Reactor II 850W 80+ Gold ATX 3.0 Modular Power Supply,$179,XPG,In Stock Online,
Thermaltake Litepower RGB 550W Power Supply,$64,Thermaltake,In Stock Online,
Cooler Master MWE Gold V2 Full Modular 550W 80 PLUS Gold Power Supply,$129,Cooler Master,In Stock Online,
Corsair AX1600i 1600W 80 Plus Titanium Full-Modular Power Supply,$699,Corsair,In Stock Online,$825
Asus ROG Thor 1200W Platinum II Power Supply,$559,ASUS,In Stock Online,
Thermaltake TOUGHPOWER GF A3 Gold 850W PCIe 5 ATX 3.0 Compatible Power Supply,$189,Thermaltake,In Stock Online,
Asus ROG LOKI SFX-L 750W 80+ Platinum PCIe Gen 5.0 Full Modular Power Supply,$258,ASUS,In Stock Online,
Thermaltake Toughpower GF A3 650W 80+ Gold PCIe 5 Power Supply,$125,Thermaltake,In Stock Online,$149
XPG Core Reactor II 750W 80+ Gold ATX 3.0 Modular Power Supply,$169,XPG,In Stock Online,
Thermaltake  650W Toughpower Modular Power Supply 80+ Gold Rating,$119,Thermaltake,In Stock Online,
Corsair RMx Series RM1000x 1000W 80+ Gold Full Modular Power Supply,$289,Corsair,In Stock Online,$326
Thermaltake Toughpower GF A3 750W 80+ Gold PCIe 5 Power Supply,$139,Thermaltake,In Stock Online,$169
FSP Hydro G PRO 1000W Gold PCIe 5.0 ATX Full Modular Power Supply,$249,FSP,In Stock Online,
Thermaltake 850W Smart Pro RGB Full Modular 80+ Bronze Power Supply,$168,Thermaltake,In Stock Online,
Corsair RMx RM750x 750W 80+ Gold Full Modular ATX Power Supply,$189,Corsair,In Stock Online,
Thermaltake Toughpower GF3 1650W 80+ Gold PCIe Gen5 ATX 3.0 Full Modular Power Supply,$539,Thermaltake,In Stock Online,
Intel FXX750PCRPS 750W Common Redundant 80+ Platinum Power Supply,$449,Intel,In Stock Online,
Thermaltake Toughpower GF3 ARGB 750W Gold PCIe 5 ATX 3.0 Compatible Full Modular Power Supply,$235,Thermaltake,In Stock Online,
Asus ROG STRIX 1000W 80+ Gold Full Modular Power Supply - Aura White,$449,ASUS,In Stock Online,
Cooler Master V 750W 80+ Gold Modular V2 Power Supply,$159,Cooler Master,In Stock Online,
Lian Li SP-750W 750W 80+ GOLD Full Modular SFX Power Supply - White,$199,Lian Li,In Stock Online,
XPG Fusion 1600 80+ Titanium Full Modular Power Supply,$859,XPG,In Stock Online,
XPG Cybercore II 1300W 80+ Platinum ATX 3.0 Modular Power Supply,$429,XPG,In Stock Online,
Cooler Master GX III 80+ Gold 850W Full Modular ATX 3.0 Power Supply,$239,Cooler Master,In Stock Online,
Cooler Master GX III 80+ Gold 750W Full Modular ATX 3.0 Power Supply,$209,Cooler Master,In Stock Online,
Thermaltake Litepower RGB 650W Power Supply,$74,Thermaltake,In Stock Online,
Cooler Master V 850W 80+ Gold Modular V2 Power Supply,$179,Cooler Master,In Stock Online,
Thermaltake Toughpower TF1 1550W 80+ Titanium Full Modular PSU,$659,Thermaltake,In Stock Online,
SilverStone Extreme 500W 80+ Bronze SFX Power Supply,$98,SilverStone,In Stock Online,
Asus ROG THOR 850W 80+ Platinum II Gaming Power Supply,$359,ASUS,In Stock Online,
Corsair RM1200x SHIFT 1200W 80+ Gold Full Modular ATX Power Supply,$349,Corsair,In Stock Online,
Thermaltake Toughpower GF3 750W 80+ Gold PCIe Gen5 ATX 3.0 Full Modular Power Supply,$159,Thermaltake,In Stock Online,$249
Lenovo 94Y6668 550W High Efficiency Platinum Platinum AC Power,$198,Lenovo,In Stock Online,
Thermaltake Toughpower 750W 80+ Gold Modular Power Supply,$129,Thermaltake,In Stock Online,
Thermaltake Litepower Gen 2 550W Power Supply,$62,Thermaltake,In Stock Online,
Thermaltake Litepower 750W  Gen 2 Power Supply,$78,Thermaltake,In Stock Online,
Thermaltake Smart RGB 700W Power Supply,$89,Thermaltake,In Stock Online,
Thermaltake Toughpower GX1 Series 700W 80+ Gold Certified APFC Power Supply,$94,Thermaltake,In Stock Online,
Thermaltake Smart BX1 RGB 650W 80+ Bronze Non Modular Power Supply,$99,Thermaltake,In Stock Online,
Thermaltake Smart BX1 550W 80 Plus Bronze Non Modular Power Supply,$64,Thermaltake,In Stock Online,$78
Thermaltake Smart BX1 750W 80 Plus Bronze Non Modular Power Supply,$84,Thermaltake,In Stock Online,$109
InWin A55-550W 80+ ATX Power Supply,$69,InWin,In Stock Online,
Cooler Master MWE White 230V 650W 80 Plus V2 Power Supply,$88,Cooler Master,In Stock Online,
Corsair CV Series CV750 750W 80+ Bronze Certified Power Supply,$99,Corsair,In Stock Online,
MSI MPG A850G 850W 80+ Gold Full Modular PCIE5 Power Supply,$199,MSI,In Stock Online,$219
Thermaltake Toughpower GF3 1200W 80+ Gold PCIe Gen5 ATX 3.0 Full Modular Power Supply,$399,Thermaltake,In Stock Online,
Thermaltake Smart BM2 650W Semi-Modular 80+ Bronze Power Supply,$105,Thermaltake,In Stock Online,
Thermaltake Toughpower GF3 850W 80+ Gold PCIe Gen5 ATX 3.0 Full Modular Power Supply,$249,Thermaltake,In Stock Online,$269
Cooler Master Elite NEX N600 600W ATX Power Supply,$69,Cooler Master,In Stock Online,
Cooler Master Elite NEX N500 500W ATX Power Supply,$59,Cooler Master,In Stock Online,$75
Thermaltake Toughpower GF3 1350W Gold PCIe 5 ATX 3.0 Full Modular Power Supply,$449,Thermaltake,In Stock Online,
Thermaltake Toughpower GF3 ARGB 850W Gold PCIe 5 ATX 3.0 Compatible Full Modular Power Supply,$269,Thermaltake,In Stock Online,
Asus ROG THOR 1600W 80+ Titanium Modular Gaming Power Supply,$890,ASUS,In Stock Online,
MSI MAG A750GL PCIE 5 ATX 3.0 750W 80+ Gold Modular Power Supply,$159,MSI,In Stock Online,
XPG Kyber 850W 80+ Gold ATX 3.0 Power Supply,$139,XPG,In Stock Online,
XPG PYLON 650W 80+ Bronze ATX Power Supply,$77,XPG,In Stock Online,
Asus ROG Loki 850W 80+ Platinum Modular PCIe Gen 5.0 SFX-L Power Supply - White Edition,$369,ASUS,In Stock Online,
XPG Cybercore II 1000W 80+ Platinum ATX 3.0 Power Supply,$359,XPG,In Stock Online,
Thermaltake Toughpower GF A3 1050W 80+ Gold PCIe 5 Power Supply,$249,Thermaltake,In Stock Online,
Antec NE1000G M ATX 3.0 1000W 80+ Gold Full Modular Power Supply - White,$299,Antec,In Stock Online,$379
XPG Kyber 750W 80+ Gold ATX 3.0 Power Supply,$119,XPG,In Stock Online,
MSI MAG A850GL PCIE5 850W 80+ Gold ATX 3.0 Power Supply,$179,MSI,In Stock Online,
Corsair SF-L SF850L 850W 80+ Gold Full Modular Low-Noise SFX Power Supply,$239,Corsair,In Stock Online,
Thermaltake Toughpower GF A3 Snow 850W 80+ Gold PCIe 5 ATX 3.0 Full Modular Power Supply,$195,Thermaltake,In Stock Online,
Thermaltake Toughpower GF A3 Snow 1050W 80+ Gold PCIe Gen5 ATX 3.0 Full Modular Power Supply,$245,Thermaltake,In Stock Online,
Thermaltake Toughpower GF3 Snow 1200W 80+ Gold PCIe Gen5 ATX 3.0 Full Modular Power Supply,$335,Thermaltake,In Stock Online,
Thermaltake Litepower Gen 2 650W Power Supply,$72,Thermaltake,In Stock Online,
Corsair RM RM850 850W 80+ Gold Full Modular ATX Power Supply - White,$199,Corsair,In Stock Online,
Cooler Master MWE Gold V2 650W 80+ Gold Power Supply,$145,Cooler Master,Pre-order,
Cooler Master MWE 1050W 80+ Gold Modular Power Supply,$259,Cooler Master,In Stock Online,
Cooler Master MWE 1250W 80+ Gold Modular Power Supply,$299,Cooler Master,In Stock Online,
Asus ROG THOR 1000P2 GAMING 1000W 80+ Platinum II Power Supply,$469,ASUS,In Stock Online,
Corsair RM850x SHIFT 850W 80+Gold Full Modular ATX Power Supply,$257.5,Corsair,Pre-order,
Asus ROG STRIX 1000W 80+ Gold Modular Aura Edition Power Supply,$369,ASUS,In Stock Online,
Asus ROG STRIX 850W 80+ Gold Full Modular Aura Edition Power Supply,$289,ASUS,In Stock Online,
Corsair HX1500i Ultra-Low Noise 1500W Platinum ATX Full Modular Power Supply,$599,Corsair,Pre-order,
Corsair HX1000i Ultra-Low Noise 1000W Platinum ATX Full Modular Power Supply,$430,Corsair,Pre-order,
Asus ROG STRIX 1200W 80+ Gold Full Modular Gaming Power Supply - AURA Edition,$461,ASUS,Pre-order,
Asus TUF Gaming 850W 80+ Gold Full Modular ATX 3.0 Power Supply,$219,ASUS,In Stock Online,
Thermaltake Litepower 450W Gen 2 Power Supply,$55,Thermaltake,In Stock Instore,
Thermaltake Smart RGB 600W Power Supply,$85,Thermaltake,In Stock Instore,
Thermaltake Toughpower GX1 Series 600W 80+ Gold Certified APFC Power Supply,$84,Thermaltake,Out of Stock,
Thermaltake Toughpower Grand RGB 750W Gold Power Supply - RGB Sync Edition,$125,Thermaltake,Out of Stock,
Thermaltake Toughpower Grand RGB 850W Gold Power Supply - RGB Sync Edition,$189,Thermaltake,In Stock Instore,
Thermaltake Smart BX1 RGB 750W 80+ Bronze Non Modular Power Supply,$115,Thermaltake,In Stock Instore,
Thermaltake Toughpower GF1 750W - TT Premium Edition Power Supply,$159,Thermaltake,In Stock Instore,
Cooler Master MWE White 230V 750W 80 Plus V2 Power Supply,$89,Cooler Master,In Stock Instore,
Cooler Master V750 SFX 750W 80 Plus Gold Full Modular Power Supply,$169,Cooler Master,Out of Stock,
Cooler Master MWE 750W 80+ Gold V2 Power Supply,$149,Cooler Master,In Stock Instore,
Cooler Master MWE 650W 80+ Gold V2 Full Modular Power Supply,$119,Cooler Master,In Stock Instore,
Cooler Master V750 SFX 750W 80+ Gold Modular Power Supply - White Edition,$189,Cooler Master,Out of Stock,
Cooler Master V850 SFX 850W 80+ Gold Modular  Power Supply - White Edition,$219,Cooler Master,Out of Stock,
NZXT C Series ATX 850W 80+ Gold Full-modular Power Supply,$149,NZXT,Out of Stock,
NZXT C Series ATX 1000W 80+ Gold Full-modular Power Supply,$219,NZXT,Out of Stock,
Corsair RMe Series RM1000e 1000W 80+ Gold Full Modular Low-Noise ATX Power Supply,$259,Corsair,In Stock Instore,
Antec NeoEco 850W 80+ Gold Full-Modular ATX Power Supply,$169,Antec,Out of Stock,
Thermaltake Toughpower GF3 1000W 80+ Gold PCIe Gen5 ATX 3.0 Full Modular Power Supply,$359,Thermaltake,Out of Stock,
SilverStone Cybenetics Gold 1000W PCIe 5.0 Full Modular Power Supply,$249,SilverStone,In Stock Instore,
Asus TUF Gaming 750W 80+ Gold ATX Full Modular Power Supply,$198,ASUS,In Stock Instore,
Asus TUF Gaming 1000W 80+ Gold Full Modular Power Supply,$279,ASUS,Out of Stock,
SilverStone Extreme Cybenetics Platinum 850W SFX12V 4.0 & PCIe 5.0 Full Modular SFX Power Supply,$289,SilverStone,In Stock Instore,
Cooler Master Elite NEX N700 700W ATX Power Supply,$85,Cooler Master,In Stock Instore,
NZXT C1200 1200W Gold Full-Modular ATX 3.0 Power Supply,$289,NZXT,In Stock Instore,
Netgear APS1200W 1200W Modular Power Supply Unit for M4300-96X Switch,"$1,599",Netgear,Out of Stock,
ASUS ROG Loki Platinum Modular 1000W SFX-L Power Supply,$419,ASUS,Preorder,
ASUS ROG Loki Platinum Modular 750W SFX-L Power Supply,$309,ASUS,Preorder,
ASUS ROG Loki Platinum Modular 850W SFX-L Power Supply,$339,ASUS,In Stock,
ASUS ROG Strix Gold 1000W Modular Aura Power Supply,$329,ASUS,In Stock,
ASUS ROG Strix Gold 1200W Modular Aura Power Supply,$369,ASUS,In Stock,
ASUS ROG Strix Gold 750W Modular Aura Power Supply,$249,ASUS,In Stock,
ASUS ROG Strix Gold 850W Modular Aura Power Supply,$299,ASUS,In Stock,
ASUS ROG Thor II Platinum Modular 1000W Power Supply,$499,ASUS,In Stock,
ASUS ROG Thor II Platinum Modular 1000W Power Supply EVA Edition,$599,ASUS,Out of Stock,
ASUS ROG Thor Platinum II 1200W Power Supply,$559,ASUS,In Stock,
ASUS ROG Thor Platinum II Modular 850W Power Supply,$359,ASUS,In Stock,
ASUS ROG Thor Titanium Modular 1600W Power Supply,$949,ASUS,In Stock,
ASUS TUF Gaming 80 Plus Gold ATX 3.0 1000W Power Supply,$279,ASUS,In Stock,
ASUS TUF Gaming 80 Plus Gold ATX 3.0 1200W Power Supply,$359,ASUS,In Stock,
ASUS TUF Gaming 80 Plus Gold ATX 3.0 750W Power Supply,$199,ASUS,Out of Stock,
ASUS TUF Gaming 80 Plus Gold ATX 3.0 850W Power Supply,$219,ASUS,In Stock,
Aerocool Aero Bronze 80 Plus 550W Power Supply,$89,Aerocool,In Stock,
Aerocool Aero Bronze 80 Plus 650W Power Supply,$99,Aerocool,In Stock,
Aerocool Aero Bronze 80 Plus 750W Modular Power Supply,$119,Aerocool,In Stock,
Aerocool Aero Bronze 80 Plus 850W Modular Power Supply,$129,Aerocool,In Stock,
Cooler Master Elite NEX PN500 500W Power Supply,$59,Cooler Master,In Stock,
Cooler Master GX III Gold 750W Power Supply,$209,Cooler Master,In Stock,
Cooler Master GX III Gold 850W Power Supply,$239,Cooler Master,In Stock,
Cooler Master MWE 80 Plus Gold V2 1050w Power Supply White,$259,Cooler Master,In Stock,
Cooler Master MWE 80 Plus Gold V2 1250w Power Supply White,$269,Cooler Master,In Stock,
Cooler Master MWE Gold Fully Modular 550W V2 Power Supply,$139,Cooler Master,In Stock,
Cooler Master MWE Gold Fully Modular 650W V2 Power Supply,$149,Cooler Master,Out of Stock,
Cooler Master MWE Gold Fully Modular 750W V2 Power Supply,$155,Cooler Master,In Stock,
Cooler Master MWE Gold Fully Modular 850W V2 Power Supply,$175,Cooler Master,Out of Stock,
Cooler Master MWE Gold Modular 1050W V2 ATX 3.0 Power Supply,$259,Cooler Master,In Stock,
Cooler Master MWE Gold Modular 1250W V2 ATX 3.0 Power Supply,$279,Cooler Master,In Stock,
Cooler Master MWE Gold V2 650W Power Supply,$145,Cooler Master,In Stock,
Cooler Master MWE Gold V2 750W Power Supply,$149,Cooler Master,Preorder,
Cooler Master V Gold Fully Modular 650W V2 Power Supply White,$169,Cooler Master,Out of Stock,
Cooler Master V Gold Fully Modular 750W V2 Power Supply Black,$189,Cooler Master,Out of Stock,
Cooler Master V Gold Fully Modular 850W V2 Power Supply Black,$209,Cooler Master,Preorder,
Cooler Master V Platinum Modular 1100W ATX 3.0 SFX Power Supply,$359,Cooler Master,In Stock,
Cooler Master V SFX Gold 550W Power Supply,$159,Cooler Master,In Stock,
Cooler Master V SFX Gold ATX 3.0 750W Power Supply,$229,Cooler Master,In Stock,
Cooler Master V SFX Gold ATX 3.0 750W Power Supply White,$239,Cooler Master,In Stock,
Cooler Master V SFX Gold ATX 3.0 850W Power Supply,$249,Cooler Master,In Stock,
Cooler Master V SFX Gold ATX 3.0 850W Power Supply White,$259,Cooler Master,In Stock,
Cooler Master V750 Gold I ATX3.0 Modular 750W Power Supply,$199,Cooler Master,In Stock,
Cooler Master V850 Gold I ATX3.0 Modular 850W Power Supply,$259,Cooler Master,In Stock,
Corsair AX1600i Titanium Modular 1600W Power Supply,$699,Corsair,In Stock,
Corsair CV550 Bronze 550W Power Supply,$79,Corsair,In Stock,
Corsair CV650 Bronze 650W Power Supply with Dual EPS,$89,Corsair,In Stock,
Corsair HX1000i Platinum Modular 1000W Power Supply,$359,Corsair,In Stock,
Corsair HX1500i Platinum Modular 1500W Power Supply,$599,Corsair,In Stock,
Corsair HX1500i Platinum Modular Low Noise 1500W Power Supply,$499,Corsair,In Stock,
Corsair RM1000e Gold Modular 1000W Low-Noise 140mm Power Supply,$279,Corsair,In Stock,
Corsair RM1000e Gold Modular 1000W Low-Noise 160mm Power Supply,$269,Corsair,In Stock,
Corsair RM1000x Gold Modular 1000W Power Supply V2,$289,Corsair,In Stock,
Corsair RM750 Gold Modular 750W Power Supply White V2,$179,Corsair,In Stock,
Corsair RM750e Gold Modular 750W Low-Noise Power Supply,$169,Corsair,In Stock,
Corsair RM750x Gold Modular 750W Power Supply V2,$189,Corsair,In Stock,
Corsair RM850 Gold Modular 850W Power Supply White V2,$199,Corsair,In Stock,
Corsair RM850e Gold Modular Low-Noise Power Supply 850W,$189,Corsair,Preorder,
Corsair RM850x Gold Modular 850W Power Supply V2,$219,Corsair,In Stock,
Corsair SF1000L SFX Gold Modular 1000W ATX 3.0 Power Supply,$309,Corsair,In Stock,
Corsair SF850L SFX Gold Modular 850W Power Supply,$239,Corsair,In Stock,
Corsair SHIFT RM1000x Gold Modular ATX 3.0 1000W Power Supply,$329,Corsair,In Stock,
Corsair SHIFT RM1200x Gold Modular ATX 3.0 1200W Power Supply,$349,Corsair,In Stock,
Corsair SHIFT RM850x Gold Modular ATX 3.0 850W Power Supply,$219,Corsair,In Stock,
FSP Hydro G PRO ATX 3.0 80 Plus Gold 850W Power Supply,$219,FSP,In Stock,
FSP Hydro PTM PRO ATX 3.0 80 Plus Platinum 1000W Power Supply,$319,FSP,In Stock,
FSP Hydro PTM PRO ATX 3.0 80 Plus Platinum 1200W Power Supply,$349,FSP,In Stock,
FSP Hydro PTM PRO ATX 3.0 80 Plus Platinum 850W Power Supply,$299,FSP,Preorder,
Gigabyte UD1300GM PG5 Gold Modular 1300W Power Supply,$439,Gigabyte,In Stock,
Kolink Enclave Gold Modular 500W Power Supply,$119,Kolink,In Stock,
Kolink Enclave Gold Modular 600W Power Supply,$129,Kolink,In Stock,
Kolink Enclave Gold Modular 700W Power Supply,$139,Kolink,In Stock,
Kolink Modular Power Bronze 500W Power Supply,$79,Kolink,In Stock,
Kolink Modular Power Bronze 600W Power Supply,$89,Kolink,In Stock,
Kolink Modular Power Bronze 700W Power Supply,$99,Kolink,In Stock,
Kolink Regulator Gold ATX 3.0 1000W Power Supply,$219,Kolink,In Stock,
Kolink Regulator Gold ATX 3.0 1200W Power Supply,$249,Kolink,In Stock,
Kolink Regulator Gold ATX 3.0 750W Power Supply,$159,Kolink,In Stock,
Kolink Regulator Gold ATX 3.0 850W Power Supply,$179,Kolink,In Stock,
Lian Li SP750 SFX Gold 750W Modular Power Supply Black,$189,Lian Li,In Stock,
Lian Li SP850 SFX Gold 850W Modular Power Supply Black,$245,Lian Li,In Stock,
Lian Li SP850 SFX Gold 850W Modular Power Supply White,$245,Lian Li,In Stock,
MSI MAG A650BN 80 Plus Bronze 650W Power Supply,$79,MSI,In Stock,
MSI MEG Ai1300P ATX 3.0 80 Plus Platinum 1300W Power Supply,$529,MSI,In Stock,
MSI MPG A1000G ATX 3.0 80 Plus Gold 1000W Power Supply,$289,MSI,In Stock,
MSI MPG A750G ATX 3.0 80 Plus Gold 750W Power Supply,$149,MSI,In Stock,
MSI MPG A850G ATX 3.0 80 Plus Gold 850W Power Supply,$249,MSI,In Stock,
NZXT C1000 Gold Modular 1000W ATX 3.0 Power Supply,$239,NZXT,Out of Stock,
NZXT C1200 Gold Modular 1200W ATX 3.0 Power Supply,$319,NZXT,In Stock,
Phanteks AMP 1000W Gold Fully Modular Power Supply White,$299,Phanteks,In Stock,
Phanteks AMP V2 1000W Gold Fully Modular Power Supply,$229,Phanteks,In Stock,
Phanteks Eclipse P400A Airflow Plus 850W Builders Bundle,$279,Phanteks,In Stock,
Phanteks PH-P550GF 550W Gold Power Supply,$109,Phanteks,In Stock,
Phanteks PH-P750GS 750W Gold Power Supply,$179,Phanteks,Out of Stock,
Phanteks Revolt 1000W Platinum Fully Modular Power Supply Black,$329,Phanteks,In Stock,
Phanteks Revolt 1000W Platinum Fully Modular Power Supply White,$329,Phanteks,In Stock,
Phanteks Revolt 1200W Titanium Fully Modular Power Supply Black,$419,Phanteks,In Stock,
Phanteks Revolt 1200W Titanium Fully Modular Power Supply White,$419,Phanteks,In Stock,
Phanteks Revolt 1600W Titanium Fully Modular Power Supply Black,$669,Phanteks,In Stock,
Phanteks Revolt Pro Full Modular Gold 1000W Power Supply,$299,Phanteks,In Stock,
Phanteks Revolt SFX 650W Gold Fully Modular Power Supply,$179,Phanteks,In Stock,
Phanteks Revolt SFX 750W Gold Fully Modular Power Supply,$189,Phanteks,In Stock,
Phanteks Revolt SFX 750W Platinum Fully Modular Power Supply,$249,Phanteks,In Stock,
Seasonic Focus GM-650 Gold 650W Power Supply,$179,Seasonic,In Stock,
Seasonic Focus GM-750 Gold 750W Power Supply,$199,Seasonic,Preorder,
Seasonic Focus GM-850 Gold 850W Power Supply,$219,Seasonic,In Stock,
Seasonic Focus GX-1000 V3 ATX 3.0 Gold 1000W Power Supply,$339,Seasonic,In Stock,
Seasonic Focus GX-550 Gold 550W Power Supply,$185,Seasonic,In Stock,
Seasonic Focus GX-650 Gold 650W Power Supply,$189,Seasonic,In Stock,
Seasonic Focus GX-750 Gold 750W Power Supply,$215,Seasonic,In Stock,
Seasonic Focus GX-750 V3 ATX 3.0 Gold 750W Power Supply,$229,Seasonic,Preorder,
Seasonic Focus GX-850 Gold 850W Power Supply,$249,Seasonic,In Stock,
Seasonic Focus GX-850 V3 ATX 3.0 Gold 850W Power Supply,$279,Seasonic,In Stock,
Seasonic Focus PX-650 Platinum 650W Power Supply,$235,Seasonic,In Stock,
Seasonic Focus SGX-650 SFX-L Gold Modular 650W Power Supply,$245,Seasonic,Preorder,
Seasonic Focus SPX-750 Platinum 750W Power Supply,$309,Seasonic,In Stock,
Seasonic Prime GX-750 Gold 750W Power Supply,$269,Seasonic,In Stock,
Seasonic Prime GX-850 Gold 850W Power Supply,$295,Seasonic,Preorder,
Seasonic Prime PX-1600 Platinum 1600W ATX 3.0 Power Supply,$749,Seasonic,In Stock,
Seasonic Prime PX-850 Platinum 850W Power Supply,$349,Seasonic,In Stock,
Seasonic Prime TX-1300 Titanium 1300W Power Supply,$765,Seasonic,In Stock,
Seasonic Prime TX-1600 Titanium 1600W Power Supply,$889,Seasonic,In Stock,
Seasonic Prime TX-850 Titanium 850W Power Supply,$409,Seasonic,In Stock,
Seasonic Vertex ATX 3.0 80 Plus Gold 1000W Power Supply,$369,Seasonic,In Stock,
Seasonic Vertex ATX 3.0 80 Plus Gold 1000W Power Supply White,$379,Seasonic,In Stock,
Seasonic Vertex ATX 3.0 80 Plus Gold 1200W Power Supply,$429,Seasonic,In Stock,
Seasonic Vertex ATX 3.0 80 Plus Gold 1200W Power Supply White,$439,Seasonic,In Stock,
Seasonic Vertex ATX 3.0 80 Plus Gold 750W Power Supply,$289,Seasonic,In Stock,
Seasonic Vertex ATX 3.0 80 Plus Platinum 1000W Power Supply,$429,Seasonic,Preorder,
Seasonic Vertex ATX 3.0 80 Plus Platinum 1200W Power Supply,$509,Seasonic,In Stock,
Seasonic Vertex ATX 3.0 80 Plus Platinum 750W Power Supply,$329,Seasonic,In Stock,
Seasonic Vertex ATX 3.0 80 Plus Platinum 850W Power Supply,$389,Seasonic,In Stock,
SilverStone DA750R ATX 3.0 Gold 750W Power Supply,$159,SilverStone,In Stock,
SilverStone DA850R ATX 3.0 Gold 850W Power Supply,$179,SilverStone,Out of Stock,
SilverStone Extreme ATX 3.0 Platinum SFX 850W Power Supply,$305,SilverStone,In Stock,
SilverStone HA1300R Platinum 1300W ATX 3.0/PCIe 5.0 Power Supply,$399,SilverStone,Out of Stock,
SilverStone SFX-L Gold Modular 500W Power Supply,$139,SilverStone,Out of Stock,
SilverStone SFX-L Platinum Modular 700W Power Supply,$189,SilverStone,In Stock,
SilverStone SX1000 SFX-L Platinum Modular 1000W Power Supply,$339,SilverStone,In Stock,
SilverStone Strider Gold 750W Power Supply,$149,SilverStone,Out of Stock,
SilverStone Strider Gold 850W Power Supply,$189,SilverStone,Out of Stock,
SilverStone Strider Platinum 1200W Power Supply,$309,SilverStone,In Stock,
SilverStone Strider Titanium 1100W Power Supply,$399,SilverStone,In Stock,
Silverstone HELA 1200R Platinum 1200W ATX3 Power Supply,$329,Silverstone,In Stock,
Silverstone HELA 850R Platinum 850W ATX3 Power Supply,$239,Silverstone,In Stock,
Super Flower Leadex III Gold 550W Power Supply,$109,Super,In Stock,
Super Flower Leadex III Gold 650W Power Supply,$129,Super,In Stock,
Super Flower Leadex III Gold 750W Power Supply,$159,Super,In Stock,
Super Flower Leadex III Gold 850W Power Supply,$179,Super,In Stock,
Super Flower Leadex VII Gold 1000W ATX 3.0 Power Supply,$229,Super,In Stock,
Super Flower Leadex VII Gold 1300W ATX 3.0 Power Supply,$279,Super,In Stock,
Super Flower Leadex VII Gold 850W ATX 3.0 Power Supply,$199,Super,In Stock,
Thermaltake Litepower Gen2 450W Power Supply,$55,Thermaltake,In Stock,
Thermaltake Litepower Gen2 550W Power Supply,$62,Thermaltake,In Stock,
Thermaltake Litepower Gen2 650W Power Supply,$75,Thermaltake,In Stock,
Thermaltake Litepower Gen2 750W Power Supply,$79,Thermaltake,In Stock,
Thermaltake Litepower OEM 500W Power Supply,$55,Thermaltake,Preorder,
Thermaltake Litepower RGB 550W Power Supply,$65,Thermaltake,In Stock,
Thermaltake Litepower RGB 650W Power Supply,$79,Thermaltake,Preorder,
Thermaltake Sleeved PCIe Gen 5 ATX 3.0 12VHPWR Splitter Cable,$25,Thermaltake,In Stock,
Thermaltake Smart Pro RGB Modular Bronze 650W Power Supply,$139,Thermaltake,In Stock,
Thermaltake Smart Pro RGB Modular Bronze 750W Power Supply,$139,Thermaltake,In Stock,
Thermaltake Smart Pro RGB Modular Bronze 850W Power Supply,$169,Thermaltake,In Stock,
Thermaltake Toughpower GF A3 ATX 3.0 Gold 1050W Power Supply,$259,Thermaltake,In Stock,
Thermaltake Toughpower GF A3 ATX 3.0 Gold 1200W Power Supply,$299,Thermaltake,In Stock,
Thermaltake Toughpower GF A3 ATX 3.0 Gold 650W Power Supply,$149,Thermaltake,Preorder,
Thermaltake Toughpower GF A3 ATX 3.0 Gold 750W Power Supply,$179,Thermaltake,Preorder,
Thermaltake Toughpower GF A3 ATX 3.0 Gold 850W Power Supply,$189,Thermaltake,In Stock,
Thermaltake Toughpower GF A3 Gold 1050W Power Supply Snow,$279,Thermaltake,Preorder,
Thermaltake Toughpower GF A3 Gold 1200W Power Supply Snow,$339,Thermaltake,Preorder,
Thermaltake Toughpower GF A3 Gold 850W Power Supply Snow,$199,Thermaltake,In Stock,
Thermaltake Toughpower GF1 Gold 750W Power Supply,$159,Thermaltake,In Stock,
Thermaltake Toughpower GF3 ATX 3.0 Gold 1000W Power Supply,$349,Thermaltake,In Stock,
Thermaltake Toughpower GF3 ATX 3.0 Gold 1200W Power Supply,$399,Thermaltake,In Stock,
Thermaltake Toughpower GF3 ATX 3.0 Gold 1350W Power Supply,$449,Thermaltake,In Stock,
Thermaltake Toughpower GF3 ATX 3.0 Gold 1650W Power Supply,$609,Thermaltake,In Stock,
Thermaltake Toughpower GF3 ATX 3.0 Gold 750W Power Supply,$259,Thermaltake,In Stock,
Thermaltake Toughpower GF3 ATX 3.0 Gold 850W Power Supply,$299,Thermaltake,Out of Stock,
Thermaltake Toughpower Gold 650W Power Supply,$119,Thermaltake,In Stock,
Thermaltake Toughpower Gold 750W Power Supply,$139,Thermaltake,In Stock,
Thermaltake Toughpower PF3 1050W ATX 3.0 PCIe 5.0 Platinum PSU,$329,Thermaltake,In Stock,
Thermaltake Toughpower SFX 1000W ATX 3.0 80 Plus Gold PSU,$359,Thermaltake,In Stock,
Thermaltake Toughpower SFX 850W ATX 3.0 PCIe 5.0 80+ Gold PSU,$299,Thermaltake,In Stock,
Thermaltake Toughpower SFX Gold 550W Modular Power Supply,$159,Thermaltake,Preorder,
Thermaltake Toughpower SFX Gold 650W Modular Power Supply,$179,Thermaltake,Preorder,
be quiet! Dark Power 13 1000W Power Supply,$449,Be Quiet!,In Stock,
be quiet! Dark Power 13 750W Power Supply,$329,Be Quiet!,In Stock,
be quiet! Dark Power 13 850W Power Supply,$399,Be Quiet!,In Stock,
be quiet! Dark Power Pro 12 Titanium Modular 1200W Power Supply,$599,Be Quiet!,Out of Stock,
be quiet! Dark Power Pro 12 Titanium Modular 1500W Power Supply,$679,Be Quiet!,In Stock,
be quiet! Dark Power Pro 13 1300W Power Supply,$619,Be Quiet!,In Stock,
be quiet! Dark Power Pro 13 1600W Power Supply,$699,Be Quiet!,In Stock,
be quiet! Pure Power 12 M 1000W Power Supply,$249,Be Quiet!,In Stock,
be quiet! Pure Power 12 M 550W Power Supply,$149,Be Quiet!,In Stock,
be quiet! Pure Power 12 M 650W Power Supply,$159,Be Quiet!,Out of Stock,
be quiet! Pure Power 12 M 750W Power Supply,$179,Be Quiet!,In Stock,
be quiet! Pure Power 12 M 850W Power Supply,$199,Be Quiet!,Out of Stock,
be quiet! Pure Power 12 M Gold Modular 1200W Power Supply,$299,Be Quiet!,In Stock,
be quiet! Straight Power 11 Gold Modular 1000W Power Supply,$299,Be Quiet!,In Stock,
be quiet! Straight Power 11 Gold Modular 750W Power Supply,$209,Be Quiet!,In Stock,
be quiet! Straight Power 11 Gold Modular 850W Power Supply,$259,Be Quiet!,In Stock,
be quiet! Straight Power 12 Platinum Modular 1000W Power Supply,$349,Be Quiet!,In Stock,
be quiet! Straight Power 12 Platinum Modular 1200W Power Supply,$419,Be Quiet!,In Stock,
be quiet! Straight Power 12 Platinum Modular 1500W Power Supply,$579,Be Quiet!,In Stock,
be quiet! Straight Power 12 Platinum Modular 750W Power Supply,$259,Be Quiet!,In Stock,
be quiet! Straight Power 12 Platinum Modular 850W Power Supply,$289,Be Quiet!,In Stock,
Corsair SF Series SFX to ATX Adapter Bracket 2.0,$19,Corsair,In Stock,
FSP Hydro G PRO 850W 80+ Gold ATX3.0 PCIe5.0 Fully Modular Power Supply,$199.00,FSP,In Stock,
Corsair RM1200x SHIFT 1200W 80+ Gold Fully Modular ATX 3.0 Power Supply - Black,$389.00,Corsair,In Stock,
Cooler Master V750 Gold i Multi 750W 80+ Gold ATX 3.0 Modular Power Supply,$269.00,Cooler Master,In Stock,
Cooler Master V850 Gold i Multi 850W 80+ Gold ATX 3.0 Modular Power Supply,$289.00,Cooler Master,In Stock,
ASUS ROG STRIX 1000W Aura Edition 80+ Gold ATX 3.0 PCIE 5 Modular Power Supply,$369.00,ASUS,In Stock,
ASUS ROG STRIX 850W Aura Edition 80+ Gold ATX 3.0 PCIE 5 Modular Power Supply,$299.00,ASUS,In Stock,
ASUS ROG STRIX 750W Aura Edition 80+ Gold ATX 3.0 PCIE 5 Modular Power Supply,$249.00,ASUS,In Stock,
Thermaltake Toughpower SFX 750W ATX3.0 PCIe5 80+ Gold Fully Modular Power Supply,$259.00,Thermaltake,In Stock,
Seasonic Vertex GX-1000 1000W PCIE5 80+ Gold Fully Modular ATX3.0 Power Supply,$369.00,Seasonic,In Stock,
Seasonic Vertex GX-1200 1200W PCIE5 80+ Gold Fully Modular ATX3.0 Power Supply,$429.00,Seasonic,In Stock,
Open Box - SilverStone HELA 1200R 1200W 80+ Platinum Modular PCIe 5 ATX 3.0 Power Supply,$359.00,Open,In Stock,
Corsair RM850x SHIFT 850W 80+ Gold Fully Modular ATX 3.0 Power Supply - Black,$239.00,Corsair,In Stock,
NZXT C1200 1200W 80+ Gold PCIe5 ATX 3.0 Modular Power Supply,$329.00,NZXT,In Stock,
FSP Hydro PRO HP2-500 500W 80+ Bronze Non-Modular ATX Power Supply - Black,$79.00,FSP,In Stock,
FSP Hydro PRO HP2-700 700W 80+ Bronze Non-Modular ATX Power Supply - Black,$99.00,FSP,In Stock,
FSP Hydro PRO HP2-800 800W 80+ Bronze Non-Modular ATX Power Supply - Black,$109.00,FSP,In Stock,
Gigabyte UD1000GM PG5 1000W 80+ Gold PCIe5 Fully Modular Power Supply - Rev 2,$259.00,Gigabyte,In Stock,
Gigabyte UD1300GM PG5 1300W 80+ Gold PCIe5 ATX 3.0 Fully Modular Power Supply,$439.00,Gigabyte,In Stock,
Thermaltake Toughpower GF3 ARGB 750W 80+ Gold PCIe ATX 3.0 Modular Power Supply,$259.00,Thermaltake,In Stock,
Thermaltake Toughpower GF3 ARGB 850W 80+ Gold PCIe ATX 3.0 Modular Power Supply,$299.00,Thermaltake,In Stock,
Thermaltake Toughpower GF A3 750W 80+ Gold PCIe Gen5 ATX3.0 Modular Power Supply,$139.00,Thermaltake,In Stock,$169.00
Thermaltake Toughpower GF A3 1050W 80+ Gold PCIe 5.0 ATX Modular Power Supply,$229.00,Thermaltake,In Stock,$249.00
Cooler Master Elite NEX 230V 400W Non-Modular ATX Power Supply,$69.00,Cooler Master,In Stock,
Cooler Master Elite NEX 230V 600W Non-Modular ATX Power Supply,$79.00,Cooler Master,In Stock,
Cooler Master MWE V2 1050W 80+ Gold Fully Modular PCIe 5 ATX Power Supply White,$289.00,Cooler Master,In Stock,
Cougar GEX X2 Series 1000W 80+ Gold PCIe 5 ATX 3.0 Fully Modular Power Supply,$259.00,Cougar,In Stock,
Corsair RM750e 750W 80+ Gold ATX 3.0 Fully Modular ATX Power Supply,$169.00,Corsair,In Stock,
Corsair RM850e 850W 80+ Gold ATX 3.0 Fully Modular ATX Power Supply,$189.00,Corsair,In Stock,
Corsair RM1000e 1000W 80+ Gold ATX 3.0 Fully Modular ATX Power Supply,$279.00,Corsair,In Stock,
Corsair HX1500i 1500W 80+ Platinum Fully Modular Ultra-Low ATX Power Supply (AU),$599.00,Corsair,In Stock,
Thermaltake Toughpower PF3 1200W 80+ Platinum PCIe 5 Fully Modular Power Supply,$359.00,Thermaltake,In Stock,
Thermaltake Toughpower 650W 80+ Gold Semi-Modular Power Supply,$119.00,Thermaltake,In Stock,
Thermaltake Toughpower 550W 80+ Gold Semi-Modular Power Supply,$119.00,Thermaltake,In Stock,
Thermaltake Toughpower 750W 80+ Gold Semi-Modular Power Supply,$129.00,Thermaltake,In Stock,
Thermaltake Toughpower GF A3 650W 80+ Gold 650W ATX3 Fully Modular Power Supply,$125.00,Thermaltake,In Stock,$145.00
be quiet! Straight Power 12 80+ Platinum 1500W Modular PCIe 5.0 Power Supply,$569.00,Be Quiet!,In Stock,
MSI MAG A850GL 850W 80+ Gold Fully Modular ATX 3.0 PCIE5 Power Supply,$169.00,MSI,In Stock,
FSP Hydro M PRO 800W 80+ Bronze ATX Semi-Modular Power Supply,$119.00,FSP,In Stock,
Cooler Master MWE GOLD 1050 V2 1050W 80+ Gold Power Supply - SF6 Blanka Edition,$299.00,Cooler Master,In Stock,
Cooler Master GX II GOLD V2 750W 80+ Gold Fully-Modular ATX3.0 Power Supply,$179.00,Cooler Master,In Stock,
Corsair RM850x 2021 850W 80 Plus Gold Fully Modular ATX Power Supply,$219.00,Corsair,In Stock,
Corsair RM1000x 2021 1000W 80 Plus Gold Fully Modular ATX Power Supply,$289.00,Corsair,In Stock,
Corsair RM750 2021 750W 80 Plus Gold Fully Modular ATX Power Supply - White,$189.00,Corsair,In Stock,
Antec NE750G M AU 750W 80+ Gold Fully-Modular Power Supply,$159.00,Antec,In Stock,
Corsair CV750 Series 750W 80+ Bronze Certified PSU,$109.00,Corsair,In Stock,
Cooler Master MWE V2 550W 80 Plus Bronze Non-Modular Power Supply,$89.00,Cooler Master,In Stock,
MSI MAG A650BN 650W 80+ Plus Bronze ATX Power Supply,$89.00,MSI,In Stock,
SilverStone DA750 750W 80+ Gold Fully Modular ATX Power Supply,$139.00,SilverStone,In Stock,
Gigabyte GP-UD1000GM 1000W 80+ Gold ATX Fully Modular Power Supply,$239.00,Gigabyte,In Stock,
Gigabyte PG5 1000W 80+ Gold ATX 3.0 PCIe 5 Fully Modular Power Supply,$259.00,Gigabyte,In Stock,
NZXT C Series 750W 80+ Gold Fully Modular Power Supply,$145.00,NZXT,In Stock,
NZXT C Series 850W 80+ Gold Fully Modular Power Supply,$169.00,NZXT,In Stock,
Gigabyte GP-UD750GM 750W 80+ Gold Fully Modular Power Supply,$129.00,Gigabyte,In Stock,
Gigabyte UD850GM 850W 80+ Gold Fully Modular Power Supply,$149.00,Gigabyte,In Stock,
Corsair HX1500i 1500W Ultra-Low Noise Platinum Modular Power Supply,$569.00,Corsair,In Stock,
ASUS TUF Gaming 850W 80+ Gold ATX Fully Modular ATX 3.0 Power Supply,$229.00,ASUS,In Stock,
Thermaltake Toughpower GF3 750W 80+ Gold PCIe5 ATX 3.0 Modular Power Supply,$159.00,Thermaltake,In Stock,$259.00
Thermaltake Toughpower GF3 1200W 80+ Gold PCIe5 ATX 3.0 Modular Power Supply,$399.00,Thermaltake,In Stock,
FSP Hydro G PRO 850W 80+ Gold ATX3.0 PCIe5.0 Fully Modular Power Supply,$199.00,FSP,In Stock,
Corsair RM1200x SHIFT 1200W 80+ Gold Fully Modular ATX 3.0 Power Supply - Black,$389.00,Corsair,In Stock,
Cooler Master V750 Gold i Multi 750W 80+ Gold ATX 3.0 Modular Power Supply,$269.00,Cooler Master,In Stock,
Cooler Master V850 Gold i Multi 850W 80+ Gold ATX 3.0 Modular Power Supply,$289.00,Cooler Master,In Stock,
ASUS ROG STRIX 1000W Aura Edition 80+ Gold ATX 3.0 PCIE 5 Modular Power Supply,$369.00,ASUS,In Stock,
ASUS ROG STRIX 850W Aura Edition 80+ Gold ATX 3.0 PCIE 5 Modular Power Supply,$299.00,ASUS,In Stock,
ASUS ROG STRIX 750W Aura Edition 80+ Gold ATX 3.0 PCIE 5 Modular Power Supply,$249.00,ASUS,In Stock,
Thermaltake Toughpower SFX 750W ATX3.0 PCIe5 80+ Gold Fully Modular Power Supply,$259.00,Thermaltake,In Stock,
Cooler Master M2000 2000W 80 Plus Platinum Fully Modular Power Supply,$479.00,Cooler Master,In Stock,
Seasonic Vertex GX-1000 1000W PCIE5 80+ Gold Fully Modular ATX3.0 Power Supply,$369.00,Seasonic,In Stock,
Seasonic Vertex GX-1200 1200W PCIE5 80+ Gold Fully Modular ATX3.0 Power Supply,$429.00,Seasonic,In Stock,
Open Box - SilverStone HELA 1200R 1200W 80+ Platinum Modular PCIe 5 ATX 3.0 Power Supply,$359.00,Open,In Stock,
Corsair RM850x SHIFT 850W 80+ Gold Fully Modular ATX 3.0 Power Supply - Black,$239.00,Corsair,In Stock,
Thermaltake Toughpower GF3 ARGB 750W 80+ Gold PCIe ATX 3.0 Modular Power Supply,$259.00,Thermaltake,In Stock,
Thermaltake Toughpower GF3 ARGB 850W 80+ Gold PCIe ATX 3.0 Modular Power Supply,$299.00,Thermaltake,In Stock,
NZXT C1200 1200W 80+ Gold PCIe5 ATX 3.0 Modular Power Supply,$329.00,NZXT,In Stock,
FSP Hydro PRO HP2-500 500W 80+ Bronze Non-Modular ATX Power Supply - Black,$79.00,FSP,In Stock,
FSP Hydro PRO HP2-700 700W 80+ Bronze Non-Modular ATX Power Supply - Black,$99.00,FSP,In Stock,
FSP Hydro PRO HP2-800 800W 80+ Bronze Non-Modular ATX Power Supply - Black,$109.00,FSP,In Stock,
Gigabyte UD1000GM PG5 1000W 80+ Gold PCIe5 Fully Modular Power Supply - Rev 2,$259.00,Gigabyte,In Stock,
Gigabyte UD1300GM PG5 1300W 80+ Gold PCIe5 ATX 3.0 Fully Modular Power Supply,$439.00,Gigabyte,In Stock,
Thermaltake Toughpower GF A3 750W 80+ Gold PCIe Gen5 ATX3.0 Modular Power Supply,$139.00,Thermaltake,In Stock,$169.00
Thermaltake Toughpower GF A3 1050W 80+ Gold PCIe 5.0 ATX Modular Power Supply,$229.00,Thermaltake,In Stock,$249.00
Cooler Master Elite NEX 230V 400W Non-Modular ATX Power Supply,$69.00,Cooler Master,In Stock,
Cooler Master Elite NEX 230V 600W Non-Modular ATX Power Supply,$79.00,Cooler Master,In Stock,
Cougar GEX X2 Series 1000W 80+ Gold PCIe 5 ATX 3.0 Fully Modular Power Supply,$259.00,Cougar,In Stock,
Corsair RM750e 750W 80+ Gold ATX 3.0 Fully Modular ATX Power Supply,$169.00,Corsair,In Stock,
Corsair RM850e 850W 80+ Gold ATX 3.0 Fully Modular ATX Power Supply,$189.00,Corsair,In Stock,
Corsair RM1000e 1000W 80+ Gold ATX 3.0 Fully Modular ATX Power Supply,$279.00,Corsair,In Stock,
Corsair HX1500i 1500W 80+ Platinum Fully Modular Ultra-Low ATX Power Supply (AU),$599.00,Corsair,In Stock,
Thermaltake Toughpower PF3 1200W 80+ Platinum PCIe 5 Fully Modular Power Supply,$359.00,Thermaltake,In Stock,
be quiet! Straight Power 12 80+ Platinum 1500W Modular PCIe 5.0 Power Supply,$569.00,Be Quiet!,In Stock,
Thermaltake Toughpower GF A3 650W 80+ Gold 650W ATX3 Fully Modular Power Supply,$125.00,Thermaltake,In Stock,$145.00
MSI MAG A850GL 850W 80+ Gold Fully Modular ATX 3.0 PCIE5 Power Supply,$169.00,MSI,In Stock,
FSP Hydro M PRO 800W 80+ Bronze ATX Semi-Modular Power Supply,$119.00,FSP,In Stock,
Cooler Master MWE GOLD 1050 V2 1050W 80+ Gold Power Supply - SF6 Blanka Edition,$299.00,Cooler Master,In Stock,
Cooler Master GX II GOLD V2 750W 80+ Gold Fully-Modular ATX3.0 Power Supply,$179.00,Cooler Master,In Stock,
Cooler Master GX II GOLD V2 850W 80+ Gold Fully-Modular ATX 3.0 Power Supply,$199.00,Cooler Master,In Stock,
Cooler Master GX III Gold 650W 80+ Gold Fully-Modular ATX 3.0 Power Supply,$189.00,Cooler Master,In Stock,
Cooler Master GX III Gold 750W 80+ Gold Fully-Modular ATX 3.0 Power Supply,$209.00,Cooler Master,In Stock,
Cooler Master GX III Gold 850W 80+ Gold Fully-Modular ATX 3.0 Power Supply,$239.00,Cooler Master,In Stock,
Antec NE 850W 80+ Gold PCIe 5 ATX 3.0 Fully Modular Power Supply,$239.00,Antec,In Stock,
Antec NE 1000W 80+ Gold PCIe 5 ATX 3.0 Fully Modular Power Supply,$259.00,Antec,In Stock,
Cooler Master MWE V2 1050W 80+ Gold Fully Modular PCIe 5 ATX Power Supply White,$289.00,Cooler Master,In Stock,
XPG Fusion 1600W 80+ Titanium Gen 5 ATX 3.0 Fully Modular ATX Power Supply,$859.00,XPG,In Stock,
Thermaltake Toughpower iRGB PLUS 1250W 80+ Titanium PCIe5 ATX 3.0 Power Supply,$599.00,Thermaltake,In Stock,
Thermaltake Toughpower iRGB PLUS 1650W 80+ Titanium PCIe5 ATX 3.0 Power Supply,$699.00,Thermaltake,In Stock,
Thermaltake Smart BM3 650W 80+ PCIe5 ATX3.0 Bronze Semi-Modular Power Supply,$119.00,Thermaltake,In Stock,
Thermaltake Smart BM3 750W 80+ PCIe5 ATX3.0 Bronze Semi-Modular Power Supply,$129.00,Thermaltake,In Stock,
Thermaltake Smart BM3 850W 80+ PCIe5 ATX3.0 Bronze Semi-Modular Power Supply,$139.00,Thermaltake,In Stock,
Antec CUPRUM STRIKE CSK 650W 80+ Bronze Non Modular Power Supply,$99.00,Antec,In Stock,
ASUS THOR 1000W 80 PLUS Platinum II EVA-02 Edition ATX Power Supply,$599.00,ASUS,In Stock,
XPG CyberCore II 1300W 80+ Platinum Gen5 ATX 3.0 Fully Modular ATX Power Supply,$429.00,XPG,In Stock,
XPG Kyber 750W 80+ Gold Gen 5 ATX 3.0 Non-Modular ATX Power Supply,$119.00,XPG,In Stock,
Antec CUPRUM STRIKE CSK 750W 80+ Bronze Semi-Modular Power Supply,$109.00,Antec,In Stock,
Seasonic FOCUS GX-1000 ATX 3.0 1000W 80 Plus Gold Fully Modular Power Supply,$319.00,Seasonic,In Stock,
ASUS Prime 850W 80+ Gold ATX 3.0 PCIE 5.0 Fully Modular Power Supply,$219.00,ASUS,In Stock,
ASUS Prime 750W 80+ Gold ATX 3.0 PCIE 5.0 Fully Modular Power Supply,$199.00,ASUS,In Stock,
ASUS ROG STRIX 1000W 80+ Gold Aura ATX 3.0 PCIE 5.0 Fully Modular Power Supply,$449.00,ASUS,In Stock,
FSP Hydro G PRO 750W 80+ Gold ATX Fully Modular Power Supply,$129.00,FSP,In Stock,
In Win PFII P85FII 850W 80+ Gold PCIe 5.0 ATX 3.0 Non-Modular Power Supply,$139.00,In,In Stock,
In Win PII P105II 1050W 80+ Platinum PCIe 5.0 ATX 3.0 Fully Modular Power Supply,$239.00,In,In Stock,
In Win PII P105II 1300W 80+ Platinum PCIe 5.0 ATX 3.0 Fully Modular Power Supply,$279.00,In,In Stock,
Thermaltake Toughpower GF A3 850W 80+ Gold PCIe5 ATX 3.0 Modular Power Supply,$159.00,Thermaltake,In Stock,$199.00
Thermaltake Toughpower GF A3 1050W Gold PCIe5 ATX 3.0 Modular Power Supply,$245.00,Thermaltake,In Stock,$279.00
Thermaltake Toughpower GF3 1200W 80+ Gold PCIe5 ATX 3.0 Modular Power Supply,$289.00,Thermaltake,In Stock,$339.00
ASUS TUF Gaming 1200W 80+ Gold PCIe 5.0 ATX 3.0 Fully Modular Power Supply,$359.00,ASUS,In Stock,
SilverStone DA1000R 1000W Gold PCIe 5.0 ATX 3.0 Fully Modular Power Supply,$289.00,SilverStone,In Stock,
MSI MAG A850GL 850W 80+ Gold ATX 3.0 PCIe 5.0 Fully Modular Power Supply - White,$189.00,MSI,In Stock,
Seasonic PRIME FANLESS PX-500 ATX 500W 80 Plus Fully Modular Power Supply,$329.00,Seasonic,In Stock,
Seasonic Vertex GX-750 750W PCIE5 80+ Gold Fully Modular ATX3.0 Power Supply,$289.00,Seasonic,In Stock,
Seasonic Vertex PX-750 750W PCIE5 80+ Platinum Fully Modular ATX3.0 Power Supply,$329.00,Seasonic,In Stock,
Seasonic Vertex PX-850 850W PCIE5 80+ Platinum Fully Modular ATX3.0 Power Supply,$389.00,Seasonic,In Stock,
Seasonic Vertex PX-1000 1000W PCIE5 80+ Plat Fully Modular ATX3.0 Power Supply,$429.00,Seasonic,In Stock,
Seasonic Vertex PX-1200 1200W PCIE5 80+ Plat Fully Modular ATX3.0 Power Supply,$489.00,Seasonic,In Stock,
Seasonic PRIME FANLESS TX-700 700W 80+ Titanium Full Modular ATX3.0 Power Supply,$519.00,Seasonic,In Stock,
XPG Core Reactor II 750W 80+ Gold Gen 5 ATX 3.0 Fully Modular Power Supply,$169.00,XPG,In Stock,
Seasonic FOCUS GX-750 ATX 3.0 750W 80 Plus Gold Fully Modular Power Supply,$239.00,Seasonic,In Stock,
Seasonic FOCUS GX-850 ATX 3.0 850W 80 Plus Gold Fully Modular Power Supply,$269.00,Seasonic,In Stock,
XPG Kyber 850W 80+ Gold Gen 5 ATX 3.0 Non-Modular ATX Power Supply,$139.00,XPG,Out Of Stock,
FSP Hydro Ti PRO 1000W 80+ Titanium PCIe 5.0 ATX 3.0 Fully Modular Power Supply,$499.00,FSP,Out Of Stock,
DeepCool PK550D 550W 80+ Bronze ATX Power Supply,$92.95,DeepCool,In Stock,
DeepCool PK650D 650W 80+ Bronze ATX Power Supply,$105.95,DeepCool,Out Of Stock,
DeepCool PK750D 750W 80+ Bronze ATX Power Supply,$117.95,DeepCool,In Stock,
Thermaltake Smart BM3 550W 80+ PCIe5 ATX3.0 Bronze Semi-Modular Power Supply,$99.00,Thermaltake,In Stock,
XPG CyberCore II 1000W 80+ Platinum Gen5 ATX 3.0 Fully Modular ATX Power Supply,$359.00,XPG,In Stock,
Cougar GEX X2 Series 850W 80+ Gold Fully Modular Power Supply,$169.00,Cougar,In Stock,
Antec NE 1300W 80+ Gold PCIe 5 ATX 3.0 Fully Modular Power Supply,$279.00,Antec,In Stock,
be quiet! Dark Power 13 850W 80+ Titanium Fully Modular ATX 3.0 Power Supply,$379.00,Be Quiet!,Out Of Stock,
FSP Dagger PRO 850W 80+ Gold ATX 3.0 Fully Modular SFX Power Supply,$249.00,FSP,Out Of Stock,
Cooler Master ELITE NEX 500 230V Peak ATX Power Supply - Black,$69.00,Cooler Master,In Stock,
be quiet! Dark Power Pro 13 1600W 80+ Titanium Modular PCIe 5.0 Power Supply,$679.00,Be Quiet!,Out Of Stock,
be quiet! Straight Power 12 80+ Platinum 750W Modular PCIe 5.0 Power Supply,$229.00,Be Quiet!,Out Of Stock,
be quiet! Straight Power 12 80+ Platinum 850W Modular PCIe 5.0 Power Supply,$289.00,Be Quiet!,Out Of Stock,
be quiet! Straight Power 12 80+ Platinum 1000W Modular PCIe 5.0 Power Supply,$349.00,Be Quiet!,Out Of Stock,
be quiet! Straight Power 12 80+ Platinum 1200W Modular PCIe 5.0 Power Supply,$409.00,Be Quiet!,Out Of Stock,
be quiet! Pure Power 12M 80+ 550W Modular PCIe 5.0 Power Supply,$139.00,Be Quiet!,Out Of Stock,
be quiet! Pure Power 12M 80+ 650W Modular PCIe 5.0 Power Supply,$159.00,Be Quiet!,Out Of Stock,
be quiet! Pure Power 12M 80+ 750W Modular PCIe 5.0 Power Supply,$179.00,Be Quiet!,Out Of Stock,
be quiet! Pure Power 12M 80+ Gold 850W Modular PCIe 5.0 Power Supply,$199.00,Be Quiet!,Out Of Stock,
be quiet! Pure Power 12M 80+ Gold 1000W Modular PCIe 5.0 Power Supply,$249.00,Be Quiet!,Out Of Stock,
be quiet! Pure Power 12M 80+ 1200W Modular PCIe 5.0 Power Supply,$299.00,Be Quiet!,Out Of Stock,
SilverStone DA1000 1000W Gold Semi-Modular Power Supply,$185.00,SilverStone,Out Of Stock,
Cougar STC Series 500W 80+ (No Power Cord) ATX Power Supply,$59.00,Cougar,In Stock,
DeepCool PX850G 850W 80+ Gold Fully Modular ATX Power Supply,$268.95,DeepCool,In Stock,
DeepCool PX1200G 1200W 80+ Gold Fully Modular ATX Power Supply,$339.95,DeepCool,In Stock,
DeepCool PX1000G 1000W 80+ Gold PCIE 5.0 ATX 3.0 Fully Modular Power Supply,$317.95,DeepCool,In Stock,
Seasonic PRIME TX-1300 1300W Titanium ATX 3.0 Fully Modular Power Supply,$765.95,Seasonic,In Stock,
Seasonic PRIME PX-1600 1600W Platinum ATX 3.0 Fully Modular Power Supply,$741.95,Seasonic,In Stock,
Thermaltake Toughpower PF3 750W 80+ Platinum PCIe 5 Fully Modular Power Supply,$229.00,Thermaltake,In Stock,
Thermaltake Toughpower PF3 850W 80+ Platinum PCIe 5 Fully Modular Power Supply,$259.00,Thermaltake,In Stock,
Thermaltake Toughpower PF3 1050W 80+ Platinum PCIe 5 Fully Modular Power Supply,$329.00,Thermaltake,In Stock,
Corsair HX1000i 1000W 80+ Platinum PCIe5 Fully Modular ATX Power Supply,$399.00,Corsair,In Stock,
Cooler Master Elite NEX 230V 700W Non-Modular ATX Power Supply,$85.00,Cooler Master,Out Of Stock,
Cooler Master Elite NEX 230V 500W Non-Modular ATX Power Supply,$75.00,Cooler Master,Out Of Stock,
Thermaltake Toughpower GF A3 1200W 80+ Gold PCIe Gen5 ATX 3.0 Fully Modular PSU,$265.00,Thermaltake,In Stock,$289.00
Thermaltake Toughpower GF A3 850W 80+ Gold PCIe Gen5 ATX 3.0 Fully Modular PSU,$149.00,Thermaltake,In Stock,$189.00
ASUS ROG Strix 1200W Gold Fully Modular Power Supply - Aura Edition,$399.00,ASUS,In Stock,
Cougar Atlas 750W 80+ Bronze Non-Modular Power Supply,$89.00,Cougar,Out Of Stock,
Corsair RM1000x SHIFT 1000W 80+ Gold Fully Modular ATX 3.0 Power Supply - Black,$329.00,Corsair,In Stock,
Open Box - Corsair RM850 2021 850W 80 Plus Gold Fully Modular ATX Power Supply - White,$209.00,Open,Out Of Stock,
MSI MAG A550BN 550W 80+ Plus Bronze ATX Power Supply,$79.00,MSI,Out Of Stock,
Thermaltake Toughpower SFX 850W ATX3.0 PCIe5 80+ Gold Fully Modular Power Supply,$299.00,Thermaltake,In Stock,
Thermaltake Toughpower SFX 1000W ATX3.0 PCIe5 80+Gold Fully Modular Power Supply,$359.00,Thermaltake,In Stock,
ADATA PYLON 550W 80+ Bronze Non-Modular ATX Power Supply,$79.00,ADATA,Out Of Stock,
ADATA PYLON 650W 80+ Bronze Non-Modular ATX Power Supply,$89.00,ADATA,Out Of Stock,
Cooler Master MWE Gold V2 1050W 80+ Gold Fully-Modular ATX 3.0 Power Supply,$264.00,Cooler Master,Out Of Stock,
Seasonic Vertex GX-850 850W PCIE5 80+ Gold Fully Modular ATX3.0 Power Supply,$319.00,Seasonic,In Stock,
Thermaltake Toughpower GF3 1350W 80+ Gold PCIe5 ATX 3.0 Modular Power Supply,$389.00,Thermaltake,In Stock,$449.00
Thermaltake Toughpower GF3 1650W 80+ Gold PCIe5 ATX 3.0 Modular Power Supply,$539.00,Thermaltake,In Stock,$609.00
SilverStone HELA 1200R 1200W 80+ Platinum Modular PCIe 5 ATX 3.0 Power Supply,$319.00,SilverStone,In Stock,
SilverStone HELA 850R 850W 80+ Platinum Modular PCIe5 ATX 3.0 Power Supply,$289.00,SilverStone,In Stock,
Cougar GEM1200 1200W 80+ Gold ATX Fully Modular Power Supply,$299.00,Cougar,Out Of Stock,
Thermaltake Toughpower GF3 850W 80+ Gold PCIe5 ATX 3.0 Modular Power Supply,$299.00,Thermaltake,Out Of Stock,
FSP Hydro PTM PRO 850W 80+ Platinum ATX3.0 PCIe5.0 Fully Modular Power Supply,$369.00,FSP,In Stock,
FSP Hydro PTM PRO 1000W 80+ Platinum ATX3.0 PCIe5.0 Fully Modular Power Supply,$399.00,FSP,In Stock,
FSP Hydro PTM PRO 1200W 80+ Platinum ATX3.0 PCIe5.0 Fully Modular Power Supply,$429.00,FSP,In Stock,
Gigabyte PG5 V2 850W 80+ Gold ATX 3.0 PCIe 5 Fully Modular Power Supply,$169.00,Gigabyte,In Stock,
be quiet! Dark Power 13 1000W 80+ Titanium Fully Modular ATX 3.0 Power Supply,$449.00,Be Quiet!,Out Of Stock,
FSP Hydro G PRO 1000W 80+ Gold ATX 3.0 PCIe 5.0 Fully Modular Power Supply,$249.00,FSP,Out Of Stock,
ASUS TUF Gaming 750W 80+ Gold ATX Fully Modular ATX 3.0 Power Supply,$199.00,ASUS,Out Of Stock,
MSI MEG Ai1300P PCIE5 1300W 80+ Platinum Fully Modular ATX Power Supply - Black,$569.00,MSI,In Stock,
MSI MPG A1000G ATX 3.0 PCIE5 1000W 80+ Gold Fully Modular ATX Power Supply,$299.00,MSI,In Stock,
MSI MPG A850G PCIE5 850W 80+ Gold Fully Modular ATX 3.0 Power Supply - Black,$249.00,MSI,In Stock,
MSI MPG A750G PCIE5 750W 80+ Gold Fully Modular ATX Power Supply - Black,$279.00,MSI,Out Of Stock,
Thermaltake Toughpower GF3 1000W 80+ Gold PCIe5 ATX 3.0 Modular Power Supply,$349.00,Thermaltake,In Stock,
Corsair RM1000e 1000W 80+ Gold Ultra-Low Noise Fully Modular ATX Power Supply,$279.00,Corsair,Out Of Stock,
Cooler Master MWE Gold V2 1250W 80+ Gold Fully-Modular ATX 3.0 Power Supply,$299.00,Cooler Master,In Stock,
ASUS ROG THOR 1600W 80+ Titanium ATX Fully Modular Power Supply,$949.00,ASUS,Out Of Stock,
ASUS ROG THOR 1200W 80+ Platinum II ATX Fully Modular Power Supply,$559.00,ASUS,In Stock,
ASUS ROG THOR 850W 80+ Platinum II Fully Modular ATX Power Supply,$359.00,ASUS,Out Of Stock,
ASUS TUF Gaming 1000W 80+ Gold ATX Fully Modular ATX 3.0 Power Supply,$287.95,ASUS,Out Of Stock,
Cougar GEC Series 750W 80+ Gold Power Supply,$119.00,Cougar,Out Of Stock,
MSI MAG A650BN EVA e-PROJECT 650W 80+ Plus Bronze ATX Power Supply,$129.00,MSI,Out Of Stock,
NZXT C Series 1000W 80+ Gold Fully Modular Power Supply,$239.00,NZXT,Out Of Stock,
SilverStone DA650 650W 80+ Gold Fully Modular ATX Power Supply,$129.00,SilverStone,Out Of Stock,
Lian Li SP750 750W 80+ Gold Fully Modular Power Supply,$199.00,Lian Li,In Stock,
be quiet! Pure Power 11 FM 550W 80+ Gold Modular Power Supply,$119.00,Be Quiet!,Out Of Stock,
Silverstone HELA SST-HA2050-PT 2050W Platinum Fully Modular ATX Power Supply,$695.00,Silverstone,In Stock,
Deepcool PM750D 750W 80 Plus Gold Non-Modular Power Supply - Black,$154.95,Deepcool,In Stock,
Deepcool PM850D 850W 80 Plus Gold Non-Modular Power Supply - Black,$171.95,Deepcool,In Stock,
SilverStone ST1500-TI V2 1500W 80+ Titanium Fully Modular Power Supply,$349.00,SilverStone,Out Of Stock,
Cougar GEX Series 1050W 80+ Gold Fully Modular Power Supply,$209.00,Cougar,In Stock,
Cooler Master MWE V2 650W 80 Plus Bronze Non-Modular Power Supply,$99.00,Cooler Master,Out Of Stock,
Cooler Master MWE V2 750W 80 Plus Bronze Non-Modular Power Supply,$109.00,Cooler Master,Out Of Stock,
Corsair RM750x 2021 750W 80 Plus Gold Fully Modular ATX Power Supply,$189.00,Corsair,In Stock,
Antec NE850G M White AU 850W 80+ Gold Fully-Modular 120mm Power Supply,$182.95,Antec,In Stock,
Antec NE850G M AU 850W 80+ Gold Fully-Modular 120mm Power Supply,$179.00,Antec,Out Of Stock,
ASUS ROG THOR 1000W 80 PLUS Platinum II ATX Power Supply,$489.00,ASUS,In Stock,
Cooler Master MWE V2 450W 80 Plus Bronze Non-Modular Power Supply,$79.00,Cooler Master,In Stock,
Corsair RM850 2021 850W 80 Plus Gold Fully Modular ATX Power Supply - White,$209.00,Corsair,In Stock,
DeepCool DE600 450W V2.4 Power Supply,$59.00,DeepCool,Out Of Stock,
Gigabyte GP-AP1200PM 1200W 80+ Platinum Fully Modular Power Supply with LCD,$499.00,Gigabyte,In Stock,
EVGA SuperNOVA 1600W P+ 80 Plus Platinum Fully Modular Power Supply,$365.95,EVGA,In Stock,
EVGA SuperNOVA 2000W G1+ 80 Plus Gold Fully Modular Power Supply,$477.95,EVGA,In Stock,
Antec NE650G M AU 650W 80+ Gold Fully-Modular 120mm Power Supply,$139.00,Antec,In Stock,
Seasonic Prime GX Series 750W 80+ Gold Fully Modular Power Supply,$269.00,Seasonic,Out Of Stock,
Seasonic Prime GX Series 1300W 80+ Gold Fully Modular Power Supply,$439.00,Seasonic,In Stock,
Seasonic Prime PX Series 650W 80+ Platinum Fully Modular Power Supply,$249.00,Seasonic,In Stock,
Seasonic Prime PX Series 750W 80+ Platinum Fully Modular Power Supply,$299.00,Seasonic,In Stock,
Seasonic Prime PX Series 850W 80+ Platinum Fully Modular Power Supply,$389.00,Seasonic,In Stock,
Seasonic Prime TX Series 650W 80+ Titanium Fully Modular Power Supply,$339.00,Seasonic,In Stock,
Seasonic Prime TX Series 750W 80+ Titanium Fully Modular Power Supply,$389.00,Seasonic,In Stock,
Seasonic Prime TX Series 850W 80+ Titanium Fully Modular Power Supply,$439.00,Seasonic,In Stock,
Seasonic Prime TX Series 1000W 80+ Titanium Fully Modular Power Supply,$519.00,Seasonic,In Stock,
be quiet! Dark Power 12 850W Power Supply,$369.00,Be Quiet!,Out Of Stock,
Silverstone ST75F-PT V1.1 750W 80 Plus Platinum Modular Power Supply,$219.00,Silverstone,In Stock,
Thermaltake Toughpower TF1 1550W 80+ Titanium Fully Modular Power Supply,$659.00,Thermaltake,In Stock,
Seasonic Focus PX Series 550W 80+ Platinum Fully Modular Power Supply,$185.00,Seasonic,In Stock,
Seasonic Focus PX Series 650W 80+ Platinum Fully Modular Power Supply,$229.00,Seasonic,Out Of Stock,
Seasonic Focus PX Series 750W 80+ Gold Fully Modular Power Supply,$249.00,Seasonic,In Stock,
Seasonic Focus PX Series 850W 80+ Platinum Fully Modular Power Supply,$279.00,Seasonic,Out Of Stock,
Seasonic Focus Series 850W 80+ Gold Semi-Modular Power Supply,$239.95,Seasonic,In Stock,
Seasonic Focus GX Series 550W 80+ Gold Fully Modular Power Supply,$189.00,Seasonic,In Stock,
Seasonic Focus GX Series 650W 80+ Gold Fully Modular Power Supply,$209.00,Seasonic,In Stock,
Seasonic Focus GX Series 750W 80+ Gold Fully Modular Power Supply,$219.00,Seasonic,In Stock,
Seasonic Focus GX Series 850W 80+ Gold Fully Modular Power Supply,$249.00,Seasonic,In Stock,
Cooler Master MWE Gold V2 850W 80+ Gold Non-Modular Power Supply,$175.00,Cooler Master,Out Of Stock,
Cooler Master MWE Gold V2 550W 80+ Gold Fully Modular Power Supply,$145.00,Cooler Master,In Stock,
Cooler Master MWE Gold V2 650W 80+ Gold Fully Modular Power Supply,$139.00,Cooler Master,Out Of Stock,
Cooler Master MWE Gold V2 750W 80+ Gold Fully Modular Power Supply,$165.00,Cooler Master,In Stock,
Cooler Master MWE Gold V2 850W 80+ Gold Fully Modular Power Supply,$168.00,Cooler Master,Out Of Stock,
Seasonic Focus Series 550W 80+ Gold Semi-Modular Power Supply,$169.00,Seasonic,In Stock,
Seasonic Focus Series 650W 80+ Gold Semi-Modular Power Supply,$179.00,Seasonic,In Stock,
Cooler Master MWE Gold V2 650W 80+ Gold Non-Modular Power Supply,$145.00,Cooler Master,In Stock,
In Win 750W 80+ Gold Non-Modular Power Supply,$99.95,In,Out Of Stock,
Cooler Master V850 Gold-V2 850W 80+ Gold Fully Modular Power Supply White,$219.00,Cooler Master,Out Of Stock,
Cooler Master V650 Gold-V2 650W 80+ Gold Fully Modular Power Supply,$179.00,Cooler Master,In Stock,
Cooler Master V750 Gold-V2 750W 80+ Gold Fully Modular Power Supply - Black,$189.00,Cooler Master,Out Of Stock,
Cooler Master V850 Gold-V2 850W 80+ Gold Fully Modular Power Supply,$219.00,Cooler Master,Out Of Stock,
Antec Signature 1000W 80+ Platinum Fully Modular Power Supply,$379.00,Antec,In Stock,
ASUS TUF Gaming 750W 80+ Bronze Non Modular Power Supply,$119.00,ASUS,Out Of Stock,
ASUS TUF Gaming 450W 80+ Bronze Non Modular Power Supply,$89.00,ASUS,Out Of Stock,
SilverStone VIVA 550 550W 80+ Bronze Non-Modular Power Supply,$79.00,SilverStone,In Stock,
SilverStone DA850 850W 80+ Gold Fully Modular Power Supply,$149.00,SilverStone,In Stock,
SilverStone ST1200-PTS 1200W 80+ Platinum Fully Modular Power Supply,$299.00,SilverStone,In Stock,
Cooler Master V650 Gold-V2 650W 80+ Gold Fully Modular Power Supply White,$189.00,Cooler Master,In Stock,
Seasonic SSR-650SGX Focus SGX 650W 80+ Gold Fully Modular Power Supply,$229.00,Seasonic,In Stock,
SilverStone Essential Series SST-ET550-B V1.2 550W 80+ Bronze Power Supply,$85.00,SilverStone,Out Of Stock,
SilverStone ST1000-PTS 1000W 80+ Platinum Fully Modular Power Supply,$249.00,SilverStone,Out Of Stock,
ASUS TUF Gaming 550W 80+ Bronze Non Modular Power Supply,$115.00,ASUS,Out Of Stock,
MSI MPG A650GF 650W 80+ Gold Fully Modular ATX Power Supply,$139.00,MSI,In Stock,
Seasonic SSR-750FX WHITE Focus GX 750W 80+ Gold Fully Modular Power Supply,$229.00,Seasonic,In Stock,
Seasonic SSR-850FX WHITE Focus GX 850W 80+ Gold Fully Modular Power Supply,$278.95,Seasonic,In Stock,
In Win PB-750W 750W 80+ Gold Full-Modular RGB Power Supply,$159.00,In,Out Of Stock,
Thermaltake Toughpower GX1 RGB 700W 80+ Gold Non-Modular Power Supply,$135.00,Thermaltake,In Stock,
ASUS ROG Strix 850W 80+ Gold Fully Modular Power Supply,$239.00,ASUS,In Stock,
Cougar GEX Series 850W 80+ Gold Fully Modular Power Supply,$138.00,Cougar,Out Of Stock,
Cougar GEX Series 750W 80+ Gold Fully Modular Power Supply,$125.00,Cougar,Out Of Stock,
Thermaltake Toughpower PF1 650W 80+ Platinum Fully Modular Power Supply,$179.00,Thermaltake,Out Of Stock,
Xigmatek Minotaur 550W 80+ Gold Full-Modular Power Supply,$119.00,Xigmatek,In Stock,
Xigmatek Minotaur 650W 80+ Gold Full-Modular Power Supply,$139.00,Xigmatek,Out Of Stock,
Silverstone Strider SST-ST1500 1500W 80+ Gold Full Modular Power Supply,$499.00,Silverstone,In Stock,
Silverstone Essential ET550-G V1.2 550W 80+ Gold Non-Modular Power Supply,$85.00,Silverstone,Out Of Stock,
SilverStone Essential ET550-HG V1.2 550W 80+ Gold Semi-Modular Power Supply,$95.00,SilverStone,Out Of Stock,
SilverStone Essential ET650-B V1.4 650W 80+ Bronze Non-Modular Power Supply,$95.00,SilverStone,In Stock,
SilverStone Essential ET650-G V1.2 650W 80+ Gold Non-Modular Power Supply,$119.00,SilverStone,Out Of Stock,
Antec VP650P PLUS 650W 80+ PSU 120mm Power Supply,$99.00,Antec,In Stock,
ASUS ROG Strix 750W 80+ Gold Fully Modular Power Supply,$199.00,ASUS,Out Of Stock,
Thermaltake Toughpower GF1 ARGB 850W 80+ Gold Fully Modular Power Supply,$209.00,Thermaltake,Out Of Stock,
Thermaltake Smart BX1 RGB 550W 80+ Bronze Non Modular Power Supply,$95.00,Thermaltake,In Stock,
Cooler Master MWE 230V V2 650W 80 Plus White Power Supply,$95.00,Cooler Master,Out Of Stock,
SilverStone Strider ST55F-PB 550W 80 Plus Bronze Fully Modular Power Supply,$119.00,SilverStone,In Stock,
SilverStone Strider ST65F-PB 650W 80 Plus Bronze Fully Modular Power Supply,$129.00,SilverStone,In Stock,
Cooler Master V Platinum Series 1000W 80+ Modular Power Supply,$349.00,Cooler Master,Out Of Stock,
Thermaltake Toughpower GF1 650W 80+ Gold Fully Modular Power Supply,$139.00,Thermaltake,In Stock,
Thermaltake Toughpower GF1 750W 80+ Gold Fully Modular Power Supply,$159.00,Thermaltake,In Stock,
Thermaltake Toughpower GF1 850W 80+ Gold Fully Modular Power Supply,$199.00,Thermaltake,Out Of Stock,
SilverStone Strider Gold S ST55F-GS 550W 80+ Gold Fully Modular Power Supply,$119.00,SilverStone,In Stock,
Huntkey GS600 600W 80+ ATX Power Supply,$81.95,Huntkey,In Stock,
Thermaltake Toughpower Grand Sync RGB 80+ Gold 650W Fully Modular Power Supply,$169.00,Thermaltake,In Stock,
SilverStone Strider Essential ST70F-ES230 700W 80 Plus Power Supply,$89.00,SilverStone,In Stock,
Zippy G1W2-5760V3V 760W 2U Redundant Power Supply,$717.95,Zippy,Out Of Stock,
Cooler Master MasterWatt 650W 80+ Bronze Semi-modular Power Supply,$109.00,Cooler Master,Out Of Stock,
Cooler Master MasterWatt 750W 80+ Bronze Semi-modular Power Supply,$129.00,Cooler Master,Out Of Stock,
Thermaltake Toughpower GX1 700W 80 PLUS Gold Power Supply,$109.00,Thermaltake,In Stock,
Thermaltake Smart Pro RGB 650W 80 PLUS Bronze Modular Power Supply,$139.00,Thermaltake,In Stock,
Thermaltake Smart Pro RGB 750W 80 PLUS Bronze Modular Power Supply,$149.00,Thermaltake,In Stock,
Thermaltake Smart Pro RGB 850W 80 PLUS Bronze Modular Power Supply,$169.00,Thermaltake,In Stock,
Corsair HX1200M 1200W 80 Plus Platinum Modular Power Supply,$389.00,Corsair,Out Of Stock,
EVGA SuperNOVA 1600W T2 80 Plus Titanium Modular Power Supply,$499.00,EVGA,In Stock,
SilverStone Strider Essential ST40F-ES230 400W 80 Plus Power Supply,$59.00,SilverStone,Out Of Stock,
SilverStone Strider Essential ST50F-ES230-V2 500W 80+ Power Supply,$65.00,SilverStone,In Stock,
ASUS ROG Helios Case with ROG Thor 1000W Platinum Power Supply,$908,ASUS,In Stock,$988
Cooler Master HAF 700 EVO with 850W Gold ATX 3.0 PSU,$788,Cooler Master,In Stock,$908
SilverStone Decathlon 750W Power Supply,$129,SilverStone,In Stock,
Corsair RM850e 850W Power Supply,$179,Corsair,In Stock,$189
Corsair RM850x 850W Power Supply,$199,Corsair,In Stock,
SilverStone Decathlon DA650 650W Power Supply,$119,SilverStone,In Stock,
Corsair RM750e 750W Power Supply,$169,Corsair,In Stock,
Corsair RM1000x 1000W Power Supply,$289,Corsair,In Stock,
MSI MAG A850GL PCIE5 850W Power Supply,$149,MSI,In Stock,$179
Gigabyte UD750GM 750W Power Supply,$129,Gigabyte,Out of Stock,
Corsair RM1000e 1000W Power Supply,$279,Corsair,In Stock,
"MSI MPG 850W Power Supply


Refurbished Available at $145",$159,MSI,In Stock,
SilverStone 550W Essential Power Supply,$79,SilverStone,In Stock,
Corsair RM750x 750W Power Supply,$189,Corsair,In Stock,
Lian Li PV2 Strimer Plus ARGB 24-pin Motherboard Extension Cable,$109,Lian Li,In Stock,
"BitFenix Alchemy 2.0 Extension Cable KIT, White",$39,BitFenix,In Stock,
Corsair CV650 650W Power Supply,$89,Corsair,In Stock,
SilverStone Strider Essential 600W Power Supply,$69,SilverStone,In Stock,
"Corsair RMx SHIFT Series RM850x Power Supply


Refurbished Available at $189",$199,Corsair,In Stock,$229
Corsair RM850 850W White Power Supply,$199,Corsair,In Stock,
SilverStone ET500 500W Power Supply,$59,SilverStone,In Stock,
ASUS TUF Gaming 750W Power Supply,$109,ASUS,In Stock,
"SilverStone Essential 750W Gold Power Supply, V1.2",$119,SilverStone,In Stock,$129
MSI MAG A650BN 650W Power Supply,$79,MSI,In Stock,$89
"Corsair Premium Individually Sleeved 600W PSU Cable, White",$42,Corsair,In Stock,
Corsair Type 4 Sleeved Black PCI-E Cable,$15,Corsair,In Stock,
"MSI MPG A1000G PCIE5 1000W Power Supply, ATX 3.0, PCIe5",$289,MSI,In Stock,$319
EVGA 500 BR 500W Power Supply,$59,EVGA,In Stock,$69
"SilverStone 650W Essential Gold Power Supply, V1.2",$99,SilverStone,In Stock,$119
